CREATE DATABASE  IF NOT EXISTS `brightonbeach` /*!40100 DEFAULT CHARACTER SET utf8 */;
USE `brightonbeach`;
-- MySQL dump 10.13  Distrib 5.5.16, for Win32 (x86)
--
-- Host: localhost    Database: brightonbeach
-- ------------------------------------------------------
-- Server version	5.5.30-log

/*!40101 SET @OLD_CHARACTER_SET_CLIENT=@@CHARACTER_SET_CLIENT */;
/*!40101 SET @OLD_CHARACTER_SET_RESULTS=@@CHARACTER_SET_RESULTS */;
/*!40101 SET @OLD_COLLATION_CONNECTION=@@COLLATION_CONNECTION */;
/*!40101 SET NAMES utf8 */;
/*!40103 SET @OLD_TIME_ZONE=@@TIME_ZONE */;
/*!40103 SET TIME_ZONE='+00:00' */;
/*!40014 SET @OLD_UNIQUE_CHECKS=@@UNIQUE_CHECKS, UNIQUE_CHECKS=0 */;
/*!40014 SET @OLD_FOREIGN_KEY_CHECKS=@@FOREIGN_KEY_CHECKS, FOREIGN_KEY_CHECKS=0 */;
/*!40101 SET @OLD_SQL_MODE=@@SQL_MODE, SQL_MODE='NO_AUTO_VALUE_ON_ZERO' */;
/*!40111 SET @OLD_SQL_NOTES=@@SQL_NOTES, SQL_NOTES=0 */;

--
-- Table structure for table `apply`
--

DROP TABLE IF EXISTS `apply`;
/*!40101 SET @saved_cs_client     = @@character_set_client */;
/*!40101 SET character_set_client = utf8 */;
CREATE TABLE `apply` (
  `id` int(11) NOT NULL AUTO_INCREMENT,
  `name` varchar(45) NOT NULL,
  `card_id` int(11) NOT NULL,
  `user_id` int(11) NOT NULL,
  `state` varchar(45) NOT NULL,
  PRIMARY KEY (`id`),
  KEY `CARD_FK_idx` (`card_id`),
  KEY `USER_FK_idx` (`user_id`),
  CONSTRAINT `CARD_FK` FOREIGN KEY (`card_id`) REFERENCES `card` (`id`) ON DELETE NO ACTION ON UPDATE NO ACTION,
  CONSTRAINT `USER_FK` FOREIGN KEY (`user_id`) REFERENCES `user` (`id`) ON DELETE NO ACTION ON UPDATE NO ACTION
) ENGINE=InnoDB AUTO_INCREMENT=18 DEFAULT CHARSET=utf8;
/*!40101 SET character_set_client = @saved_cs_client */;

--
-- Dumping data for table `apply`
--

LOCK TABLES `apply` WRITE;
/*!40000 ALTER TABLE `apply` DISABLE KEYS */;
INSERT INTO `apply` VALUES (8,'2013-12-19 11:44:01',2,1,'ACCEPTED'),(9,'2013-12-19 11:44:03',2,1,'REJECTED'),(10,'2013-12-19 11:44:04',2,1,'OPEN'),(11,'2013-12-20 04:16:09',2,2,'ACCEPTED'),(12,'2013-12-20 04:25:36',2,2,'OPEN'),(13,'2013-12-20 04:38:43',2,2,'OPEN'),(14,'2013-12-20 12:53:20',3,2,'ACCEPTED'),(15,'2013-12-20 01:03:51',4,2,'ACCEPTED'),(16,'2013-12-20 01:07:58',5,2,'ACCEPTED'),(17,'2013-12-24 11:49:43',2,2,'OPEN');
/*!40000 ALTER TABLE `apply` ENABLE KEYS */;
UNLOCK TABLES;

--
-- Table structure for table `card`
--

DROP TABLE IF EXISTS `card`;
/*!40101 SET @saved_cs_client     = @@character_set_client */;
/*!40101 SET character_set_client = utf8 */;
CREATE TABLE `card` (
  `id` int(11) NOT NULL AUTO_INCREMENT,
  `name` varchar(45) NOT NULL,
  PRIMARY KEY (`id`),
  UNIQUE KEY `id_UNIQUE` (`id`)
) ENGINE=InnoDB AUTO_INCREMENT=6 DEFAULT CHARSET=utf8;
/*!40101 SET character_set_client = @saved_cs_client */;

--
-- Dumping data for table `card`
--

LOCK TABLES `card` WRITE;
/*!40000 ALTER TABLE `card` DISABLE KEYS */;
INSERT INTO `card` VALUES (2,'created card'),(3,'test card 5'),(4,'asdf'),(5,'name');
/*!40000 ALTER TABLE `card` ENABLE KEYS */;
UNLOCK TABLES;

--
-- Table structure for table `file`
--

DROP TABLE IF EXISTS `file`;
/*!40101 SET @saved_cs_client     = @@character_set_client */;
/*!40101 SET character_set_client = utf8 */;
CREATE TABLE `file` (
  `id` int(11) NOT NULL AUTO_INCREMENT,
  `name` varchar(45) NOT NULL,
  `card_id` int(11) NOT NULL,
  `content` blob NOT NULL,
  PRIMARY KEY (`id`),
  UNIQUE KEY `id_UNIQUE` (`id`),
  KEY `CARD_FK_idx` (`card_id`),
  CONSTRAINT `FILE_CARD_FK` FOREIGN KEY (`card_id`) REFERENCES `card` (`id`) ON DELETE NO ACTION ON UPDATE NO ACTION
) ENGINE=InnoDB AUTO_INCREMENT=10 DEFAULT CHARSET=utf8;
/*!40101 SET character_set_client = @saved_cs_client */;

--
-- Dumping data for table `file`
--

LOCK TABLES `file` WRITE;
/*!40000 ALTER TABLE `file` DISABLE KEYS */;
INSERT INTO `file` VALUES (2,'_KARPXPCp14.jpg',2,'\0JFIF\0\0H\0H\0\0\0C\0\n\r	\n\n\r\r\Z\Z\Z\0C\Z\Z\Z\Z\Z\Z\Z\Z\Z\Z\Z\Z\Z\Z\Z\Z\Z\Z\Z\Z\Z\Z\Z\Z\Z\Z\Z\Z\Z\Z\Z\Z\Z\Z\Z\Z\Z\Z\Z\Z\Z\Z\Z\Z\Z\Z\Z\Z\Z\Z\Z\0\0\0\"\0\0\0\0\0\0\0\0\0\0\0\0\0	\0J\0\0\0\0!1AQ	\"aq2BR#r3bsCSTcÃ\0\0\0\0\0\0\0\0\0\0\0\0\0\0\06\0	\0\0\0\0\0\0!1AQ\"aq2B#R3\0\0\0?\0ԥ(BR	JR%)J(BR	JR%)Q*m9{S<Cٝչ\nk ǼN)媔E+CEܵ׈[Ce7to6q`p=NoMu{v\',Y+*bR0|*Z7%̻qp\"K+[>d\0@<\0tjnMDwv}.ܳw#ɉ9w\'s\0(q.1s=&͞M-\'ѧ(\rܽwtY)jco$Ü\rW]j%$-n(.\0\nq;7A [V_\0&R[[/O?5YdxB\rS;]JRJR!)JP)BJR!)JP)Bd%yc^u$n{\0$Ѕx).:&{(:Sx}TﺅT=.ppvdnԥܒk֝D_$:haJhFb0>+(\0.wOvgrL$~JUMj&GvܮӐi[m\n|@\n#I<}$t4nBB^)\n?&MqJX\Z\\o%Ѕ]T*n~\ZCU(!$wxYkVH/yhP&3\";K+{|Ɣ:O_ߡyz>sϮ٤D5a\'dS\'̥m9ӿqV7X▘jm6j4VhOA|sY:*b._p	,*5v(BR	JR%)J`rꟘ_-H̐	\0^\\lԨb,KOTX~j?7JT{C˂uɮcЍ>[+S0`GžUW}j\0.1 vD\0R*2%[7$^s[u	=d\'615wĳXo\Z҉R\rM3Eku&k|l]stETj-m8^b̍^2*uqJ\09*\0#+oSklŰKH᝾9yN=J}ӿt&l=WSZnrjݏZw_LGKiQۘ) }YxBkekJʸՌz3-Y\"9	t#ܟ j.-DDz${+-s<{8\"^`ޠlGIPRPv#Vr$Lrq+el7ѷtt;zԃxe^U;3A\ZThCzToKg4aZ)\\dn-<6JPJ5!*=<ԕ.9)H/RJR!)JP)B9vm`Vwn%$%b>SD|q 84j.D{hǶd_)?U#&J6Vs&^iit\nu^IChH=5d)8곟|)u<~Ϛ-7tqU[\0	P>+\'\\&WEeS?\r`@:*ԦKUKD=C-+mG^\06Cɽg2yԗlB6)O`I})?(y-ҩ)rbϨyӥ3iΒ:vI7K\0);{BSБںU+I:4Ts;74a\\L?-7q&/+\rlO^T:uhi\r!(@씍U:iv.=i\0nXl(X!m!IO2R;O`=ME,!B5^Ώ\ZYt6={J\'jj߁`W@g3YMWPuŢˎWQB΢*t۬<Ťdҗ6;ӟZBJ[aK;\0\0O@\0MX27wǆT>\\q)*\'m4i!@	JR6\0R:GKKDb[y<=؋rWd^[wt~,/ˠ?X/!n+>D:J}5U&HH=I{_0%_Hqdw	>eiH\"H\0W<(#J=d((\'lw]5ouk̫JXbْgeǜ{#ɷI%DyN7*n*lIÃߑ ͋hx\'{a\0ʹHpx?I;WY92\0dȑ\rCiv )㺞z0A	ᛋ:L[?SǗd1r#(]J~k`/z~~cuY.Gzt*JR!)JP$\0I;PG3ӒR(>¼==%V_I#M&2pm~nBXz}WG?<Y%yŸQRQ=>\0IDKRR)G`\0ܓV3	\ra56\"^AM.8w>}[^%CC9\0	0\nrn&[Ul+n%H\0۪L5+HaPm%(H:\0Md˴?kCER+%Q-ĳ,7$@Ur2]p.7\r<,GQNmEWgLVԲPNf6(㋈Ϛyq+pa*\06cr\'~KE)?ZVU\0Ɛ7G#Doe+5I tf%)J%Q.jős{{;mI\0OMkI#Ia}mi? ¯nSN#>L}--`d\0=\0ozѼPzm3? Wυ6%5J)O\0RyU&7I\"pOЮ؝Q8>(PJuCzXs#aǙD]aTAT&9Y\rf=wY)P	T>=$!L߲B|>Ctzl˸~bAii\n[BA*RMT_\ZȽda;͎hJOE4=ZW-{5Հ8t[IHV+JVk/V\ZɊBZDyH	Hu+ <rse%8F[\'*Z8ғԿɳO(b5qf!`X訅k0#)$${V\\FCwp9)7TY)JTr)JP+Ŏj\\7.NȠ>!_$UوT7ā;u\0jS\n{\\<괕)JVأ.ѢҮ7ʫVYZJ|6Yh>	-!i#m.kV_.ޮI9&4)LWIJR%h\ZӦ5kMoЧ0\\x27i`{T[+=Ѽ=f]Q4R-d¸0iqS/JTHRH= *_ȴCt9ݰ]*JGừH&1-}QLulR[pir&vQfzR,ѿV8Wͨ>},)J̓88&iYj㔼%v(|H(Fގ(U]T\\/rIRNu \0Jh\r7Oqc1di3<Fd#V=]ǧ!wX$Ll8EnhuqͼPڮh`@ښAe$%#R6Ҵg軅:JR)JP)B\0L]ͺ]a;\0h\ntͿZӬ%B^}.|wYHTթnKZ*RM^tNZY\'<M9\0k-crܚ`tu6I	w5~(_Ñ̿sDt\0MK$4]+V-QEeuHJGzJRJWֻdDs&K@zܒ\0kiyt`\0)>hkJn>#.C.\'sj^Xi%.D;aTPprV3i)˿JҾ(t\0X2\'qRESjdBu	ۘ@qCURk5`yH>\0evQQ>mw4u[:JU:P7eehCLԔցj\\MszeKJ8TJm{yoNpR\0o\00ĭsXGӛۯ\04?+9)Yvǎ|_\'Iݫ4zR^QI_Fݵ l˼SJl8@&6QyQ7q*_<5;\"q?ڈvP>8>J5d5Vo>Q\0SBz]%!ayRR	JR(dҫ^7GrKdOURy6+NB(t|Si?ኌh7\'{^;JnaCn\\us۔\0f\nm b(tIl7*.rNsAiϲُȁ3]B.ZmX4.-[-J{!	TZ3Nd42<(mVbؾn#mA=\"*w%#A<8ߪ\'	Z$R\ZZ:\rڜ>@܆ee8:뮗`>Wx;\0	JW3vDeܢ\0(})ƢB\nJ;nya(\\v@:Xq[TK6aơKIθRH\0QCFë}y7{mg(SM  \nV[ǔc{;(Ma γ=u#o\nǯ2[uz_xV5JRW/J\'8v3(znI\0XgAk2\0cV+s_:YX?mk6YqJ	f=0N<4JKDZ7nW&V1JRdQ\nSSe(_5U6Ő**#\0JV6(7hGI	\\ wPss ~$3!$?Qs-ܥ_TSMwR,BRR	^[=2=Hl-~\ZW9Ќ2$%7O/%ξRBꉛw&sLVorKwŠ9T>\0\nRF(ÚwR7s\'z҈(1Q4zrBByd	0ۭ.ixqGJF䟀2PlAUTՒ45wwqh}ȐȖyen⊔Q\'$Ղ:\'@s͡6ipaם\0sB>M{T7-U[Mu\nkw³#8W=K|$A.8]]\r6R\'cu`4l>]VzW\rpő_jBpnSVat~r+1`TJ\0|TåHQE7JQlٗɏ\n~CВ(5O>k;8nSR_l\0b\0y}\nEFQRI[;aWnphPT3Q2,CjhfZ\'r_UR	 4uZEQuXe3aim?<\'Hө\Zϋc&\'t 62JϨoo:cXA/!mE)JU%9Tůؚў)Z@pEW<^57&zc\nn51:tu4Z-p:0Q<zf^,⬧5.&䭌Ցdv5-{9򖛟getz\\kYN7&9ћ%)JJ%)J_~,2oGhQK\n>c@mXuS1NuՅQ=P(`W!Pjh>ڼ<`\'zf6j4+XLT`He*;X\0	/@Wwo׼IJFЗj|I\'?#Ďw@_P\0 nSAJ/W	o?ՃTj\nߨǥ+|ޜ([|{&\nOfW ;xJR	RwIZ*$mESplVryø۝K0q=>`R3i-r*\\K1En[ЍMARںwRT>~&EX])J\Z/FvxJ\ntn7vi=R&\'xdm$zHc\\sxod2v&hlH%)͸[u\0sQ!M#=Tyd)J?a=+h3ǈ]Enl]^g1mh*K(ܔ}{Q5b1o+GKfNkTȊ\rN]G~ţtw}gɩ[h-8u5\"EZ@~Jm\0P$<S,,\\#;*{EJy!	QƕWBfk|ĕmd$\06IDPqm6R(lRGpGުESfmg&FNؕ|^4g19MeAr.\Z4|b9)*)aV\0%\\EPZzƫik]e[+hV\0{=ڶc༁ߊ+?NZ)t(Tڭ$|ʹ@J\';~>rXa+.ˉS-[~t7jKJ}Jw#n9`%f1<vN_Yy	uFF*qa<z\r?*Ԓ{(W\'|pO9?5gZY&4FVcC,=\n\r+qc}[BBR7P\\\\w6?w\nqYx\ZUgd\rC/qq԰7-(u=R> V7CTh?#g% 6ʐYa-5\\mrGndXz曂w)%EFzّn9!> ˊ>I{{jǳS4̛m|l%s#iK;\rvI=89eʑA#	o-vJZ,^qwȡȵi=r;WYjJqt~;lzt]\" uZCGu-NUG\Z:p~o9;2lxJHpRy>\07\\Ǡ_V8LVkVP=I*>j;zQ5X\nAOVk&n\\@xhƴ2HeR(vuRմ\":\rvJUi)<S\0jq%@*Rv\0䚫s43t$bb8cL%xJW%g6O(}ɘcjg;{Suȏ츻JK\n)iaS3Au޴g]wVeQ^(ҧr2s!X\n$\'\n6G*so+ҜȄ\'Zo$E),(Pw*-Im)cr yqäipuWOA#<so>UH:U=Ѹ9%/\'cWɍqIr4q\n)PAEI;vQ2\"qhv<ҡ@58xF]4ٖ]SturW \rzʊ/Eñ۬v)ROPAAIpȨ4t:O\radx`\"\\U`TǨߡFt59hܴ?;{hh)VC:wI>{Qiuk:.U%+eDo>P|_\n~6Y>ǯ;l*	*gZ?j[;hzZ$iĥ|VΡ,\Znސ\Z}P\0?	XqD,h s7T@5RsiNZO	tS w%6oiM4w)1F[ǯSJ+B\0<\Zn*Q^\\dx,yb\r:%H!H*JhpYaIS1Pn-+RUVJ+hn^\'F8Í\0\"ɎG ~Y}=ROT~	\0O\\n~FflRA1>c?IjWX}[u^C/zBR$%)\0JҕJ&Ln\Z,v:6ԥ\0$Laҝ}\07kUŃl9&Pz-\'\'b3lq<\0x`Z?ZW.5Sn 6m/>5țkݳQ&I{7+\0nyT+	YQ[pĨ)z{=e֫T-\"6\Zd#hq(hѝx0{)JU9JR!*7AX_1vCl\0!7NV{Q$)N)%K]*t9S2u%+mĝ؂Mu3\"|&ETiLQ%-o4~O;Y/(.c\Zk2TL;`B\0D0sjtFvL/Fsӕn$P+TŨXvr8ZxsL\\0+Xml5n펼gmq`\r;A^(\"&-5ɳ#~:;yCv5:4t7n+q\0ݭͩW#=TO6Nj8OLq\\GrpAȩJ}55tįVG>\0?t*i;+5U\"6)t)^!)JP)B\\Yi)wS~4Uܫ^;ږjKR7\\cX8tp?<ݲ#tm8QߕǛcI\ZƮ+O+FewpYLr:+;X	j56>>=nqg@R{F[xcG7t\ZqkDm 5	>VYlOAR	_<Z\"#aR~.粶ٸm6ͤ1c߲޳ev`oY}oW߸N7Yf\Z+I~-FecYi!\r)`\0UJUE.(BR	JR%%+IP؂7W!r\rHL=ro(\"G+Ҫ!8h4&ܕcn)VۆO^Uǲ$mpƽk!sJ~XЛWr7mj6ST2&渁n\\21o7Z>5=%l	IRCSl!FmYK	 -R# J\rE?p}{֋/%1unFs;N(O2BR㘓t\rl{ZƋnlVR%GG\'}?Y1fSiSd\0/ƶd%l/+E\ZI?ΞdEh	vݾ1wx9g>8W\\&PEQdn\0u\\#jNr5#\07{ֳGqS/8-~IɛfĊWg$sϝLl>pUh?zj/{4X3uIZ^IHɼy$Rݻe\n/<>+*ow7a1 dY(s-dnaqjN51tĤ됭?ROɐQw/?z:~(uS\\Ull-6\\S+X#d4V.\Z*J^Ux~?AL,NnDC O(RzW?N͝B1{nq\ZsŬo3QorrwB(͘;|AGʥk-[tKTG+q0[H% Y\nT\rMmEcyw-PJRJR!)JPjclNEEYa-$CAqIJ:o*]\\34J2/)\n!`-I$yj$Hv[Ȕ}Օպw$2M[0\"<AΖo9Ǭ0nLv\\Y*Ñml5^ߛzC	5Ů\0o[rQ#CNz]85{2q+e3}:paXYKTv[SQ\"z}ᆫ6?lJ+}gP\0\0múth:*)D\\7\\9m\ZqluJ7->I@R&{cttF{!\0\0zx\n96u3!d6*-{*#\0b{>\n\r̻w\'UJRUK)J(BR	JR%)J(BR	JR.L\'&RTZ+\0}lU/Wym37̷Naq.6B~`xj\0UDg$7o}Nsa̒zlW)\'v˻rm3)r_\\*Im%g#e~]2D|/ޕʥƎKh?s\"3i5y[5[NO#6L6\'Rvf#dq`Hն3>ό渲6`[$|G>}v;.ͪ*or@kQI=\0U1-%RπK~,qqzc0hOH)Y7̧JRBR	JR%)J(BR	JR%)J'),(3,'0c8eec895db688c19b1d8a40494f25c1.jpg',2,'\0C\0	\Z!\Z\"$\"$\0C\0M!\0\0\0\0\0\0\0\0\0\0\0\0	\n\0\0\0\0}\0!1AQa\"q2#BR$3br	\n\Z%&\'()*456789:CDEFGHIJSTUVWXYZcdefghijstuvwxyz\0\0\0\0\0\0\0\0	\n\0\0\0w\0!1AQaq\"2B	#3Rbr\n$4%\Z&\'()*56789:CDEFGHIJSTUVWXYZcdefghijstuvwxyz\0\0\0?\0\")%`\\B?1I\0=Wh_a>T\ZaD\0D\0\0h/e>Ã5?*7~b}P妗e!&(34E[nښ.]in;?\0}\n>OP007IT\"\'_΀~4ӻE&w\nOYmb1sORЦ\'ڠ\0_Bb\0h{/)jVB;MNŎ$_P1D\0}QE\0ry:ME#da?F#R>n5eF+}\r?hFWBW2STd\0@5Lw7K\n\0O\0opWk\rR54dqyǓܟaS,{u>{/g\"sҧ\0]\rF^|\04{Fo8v$+-\0O8ӭn/PI\'y\'\"\0ˊ7+/h[G38B.RI5uC66myw$_\n1XV0|K9#F_jT{w1e\\\\3p>Ú5.-DZO*3 P1NEtrg${essowzmiw9Y`\0W6v1ﻸ!sr~uӏ*9s;Goh/1Dw	RC8#Eq˯6n{HxBP	\05d?{Zy%6yXTP2O^x\0szQL\ZWxKLv%g lWOB-+WF>\\[ڄvI\n,Ml^V\nB$\09M#@~=k\0躅N\"I0z0~f1<E}cD>(pwO I\0d\"xUy$hǠU\0}	a\'bݦ]յdh7M%<r#N>Pmx9DVF=RDfXle}@,U @N\\Y(4cibKKR+=E\0s:Vɯj?eqͧ\\\"9E#8 =r7~0l	+Pu#@X~!y΋\"\0gh7mzV?	fS \'1Ѓ \"3.5JYU\0Hn+k\Z˶󞿾osVnn\0woMkPV\0\04ӹtd\ZܽsO]WRVܷM鏭3cW徉5ĞZLg=k˿i\r7>WPY	9`{ұK:T]jE3-<gae8\Zxfx:zK\0\Z2e6Fڨ2OqqGrߡWOI\ZxI\'odշcv?źCh$~_ɡmf~c~\Z.5mGVHZpHF]RuwsJ{f.%k, 26<fSEFoH̈́D^tG|^!(uRQ\n;\\8̺ش\nV<w*\\(}xKO@$ӆǍ9^MoxVRj7S	R)$d-\"ޤA^֯.n-j;\\-wQ`;6|Si<MqemeQ}9T eϰ5G-o\0AR4oĦ0@NɎP\"wlw*(wmߋ.Or4{Y;H?^x_Ρ?-;y#8ph\0\ZZ=io,otn!9ՙbs W_n,\r_B(ӰtUp[\",g\0b\0j\04OcU*icٌ~l1vqӭ{\ZIbӆ%Ɩ7\"-7g@-ZAUׄ#gs,25j-)O.U|1n:\'}.]ͧrcO\n\0?R|WO\0V\ZT}nl/<cd=8rƀ#<Ae|r1Imt7;delc?(Ex2]>kY^rhIp(\0}L|/Y\\vfbI?MyTm#Spu%!9G_#w\0\ZMlse5|hWp9/2?7\'ZF|*{TNrS!;{jXqnz=sƺiqpClt\0P3ִۣ	hooA>&UKc_Mcq=O=r{zqCrӃ=z7J\0Ϭʾ5с<|\r_\0u16OYGEcO͝;}\r_\'ץfUj]|õ2KKwbڇ1ֶ/,1$*ק:xS:v綋̹n+rI֒K>5UG9Z*,Wu֥JYmIN?=Mw^ye\'>&_Z$16sIXϞ+_>W[){#hO,q\08tM]ĚSͦdKy~DV;BB$K8=M>70U	\0XZ=įh76c<XAF`y@4cX|5n5\ZKmbWP@d\'k;5I~񅟗yZE*RA%\0\'46g:k:D54۽\"HwnY\r 6=5\Z5m|Ba\Z4y[<ZJ|bূ˗&`gݘGb=Oqm5ۥlo\"@bb2pXPNO\\\0ɔk^\Z/%풨\'& 9@jkiWYbi\rmh|w|3q=xcYΰ\'\0q6¿|@A>>d)ٿvv8r:WMqM5\0Q\n͢ݤrG1즆5kxOoL{\rpwU\0GL\rae}\0+\0W\r|K>׍.M$M\0wےzW\0`zZ[\0OIܛcޒ?~H rC\0x\0G\'JXs뗜\0wGX?s1@W?s֭RLЭE8Wr:\Z{v^<:1JWPinzVnE;44$\nǍa^?@1IlzO>%[׬Z\02|Sχ5Ãi(?ɯ\"5T\0+8ȢK!~bȻ|Z;jzxQd}{]zy89T(:\Z9ga!-Ėz_i=\rDj⫛]R\0]6l7Z쿯ծg)N˧/ֹ/7W<}2:qSO~(\'\'\'}dA}\ZIl|m~Qm$4vk\r}5@ ,b$O:[g\r=XI?*d\0;sMT|Mմ;k\\E}uuuڜwGq\r\n\0H\0ddO	֞5񆭭IiEsr\"N@2z\r\0g\0yokZĞћH-?h\n^S0WyeSx=_m	7QmpsR8n7}_xgX tջwd	(C#8Dorƽo_e\r}hb\ZGs@$(μ9GsAox(<Jm`?JG\0?x4V~4rx@̉YK6r|\'Gf\nzz?k3E~_%[y	В\0$?\0|1.VX3J%p d9$mW+>*5+Kiq^599 ghĴ#6muyo\n[ZZ^If@y5~_5\ZtޕKzINAV\'e^ݩ]kΝٮ<q=¤LX$G\rt<5\0?53X[he1`88ϡgC>I\rĺVw6,Cur;0FA%Gum+<R	#F 9EP/\0S_xKѵLCvwT:t~wo{\'v=ܰʄtiXpA}sҀ$vIEݦ\"$r<5?\0z]J}~H#fkc\'\'F>شuqgyfPG,9mYIB\\ˬE=zL|Jou5ysY\0$\0\0{I\0:4}-yz)lٝuEe`nPOx}F\"|D@\\ZմdQ1kЎD#gXxScP[Fxeˌ(B7\'y\'-cG-m=W5Z>Ɵ)ң\0*pq\Ze=\'Wҟ\n~2ّCAVz>Y}2+H_-pI\'4v5Qbp\0&8|`$Z9پFVHړn<Cx쾭sݺZ@\nDvhd4p\0~\Z_y\0zn<ҮKaܸ\0z;xhMJ;V3(>&x@fCq3d\0A^u=OTy5Bi&rq>Cnݹϧ4 \0@#$ݯLQYun;7M\0<G@\Z?Chn[mrtAק\\\ZѷC\n!h9{RfTn\Z6hWm~Zf@:~s+#]fI]CԞWw\0F@[ڜ\'*zlP$iG~5Ëx44+g5[,VV-;_x}Ju}.{XJRAc<7VqO+*UiYSv?xm56g\0E_v\\҇]\03x\0\0A5ƗʫwWO[>>& #I=?\n;]y;XaҼ6s\\tmF\rr(nv*}	#}F|=\\d~)ٴ\"2nI\0L{oJ⇇bK:)ۋf:Z?6K|+<&eI\\\\$mD`yhzeֵʷoݡ\0jN3^6/wVc@lKA+Px=⭵&`y\0?\ri屶Ěc0}?(3@9m;ә[;#:|MSOZ\0x\0E%Qʠ9sj^*~\"iGSF\nF g7Ug->үui1ǵcFf\\t\0y6-XnnZw~n<+8#3A@-\0xAt[݃:1F=.ErS4\0oL^{jaU]oZ8ϡRf\"9XU]TuGcwG7o<sğa\0={?>Xx8\'ηr?ﰬ*ԷvP瑱[}vG>7le%>ʬ˚ɷ˗8D\0\"qԏƸkE$iibYndB痈U}߅y8.k嵽C?g(6ٶ59VoCE\0P\0i?_,i\']+?\':OɨIu\\$AO`95c\Z~nmr.uWOH{f=J.(?mbÀ3zo8>6ӈxCZР?kmՐ戒zG)\'ws5kR;F\"`az2H>ƖSQw\0sT#_-Wៈu\r2m.P; i&\0\'>k!XTcy_\0|PdTOZ\0Oைej\0\'00\0Nq\r\0I9m.徒[Kg+3O CyR=_ϩj\ZO_N/:Yt\0p	\0\"9xG/YJYAym	D7kΎ׶[Ikrv\0F*pH#$(״JIQPT~~+JWŷ72h =Ab\09P._~j%Tt%=k3[Wqe.sn̎$8X#9\r\0r.=Ziotk=f[\\u#\\<ZDn/72 1\rî:MgmG(Σ2zmX\0hHf\04\0Yܞ\04\'[?]b,g>^\Z@>cx~%\0\nMt-.op-\0B~+|,go}C@ 	= W0}^S\Z\Z[޽V?<~A397񗁮,vAW6I 1:t	m-4><\nrX\0}Mg:\'}\Z78xZ߂7w_]Iv\'A+$`|JtkX\ZlF$(A8<+rXCu=cO[kAqk)2U pA+tWHE*buܚ˗i\\nzO|O\Zũ[PiȊ;=+\n|TLWܨeݏ濙+gx\"Ҽ9~)+MR؋[YG!L<i-J=OJW*Gr W]\Zw}>ESs>&ψ|%}#^Sy<C4+q\0Y8p\0$¸sp#\nxQ׊`8aa,FT60shZdڞo3$@u=\n1cqJL\\ZBSͬZY8q[24aB9$\nm.-5(綖+Y#IWQxOO	i\'Z$3i\"-, p ),Bp8|K?k./#kVYA}p\0\0\0?J\0\0\0E-oĚlZ͆jk$g \0Ë)$^?$ 3ש8		RXC$ >g8fY$7	UVVbAA\0$-FqbBQ\0\0hG|K!0SR`83(Lw\0yG]sݾݗo=};*]3_o/Eۂc)@Cx;:ǈۺٌ*?,kQVZτuZYJ#/I=$֕\0 O\0n(\Zk)^Aq@=ZN!ceI\'\0H\0w&	OfcV3ByHϕr\0y\0\0@5km6NJܹ(v\0jߍ\0\rbܚc{h<(HBnmfBG\"I Al_:+_b[z)X@ p@\nKBd|6[\nX/$_zO-?\"Bij|`[ǎ^(ݢ7@!\'oAHM&MMXݾぐ-om~^)_\\]qqi_;!]Ķ⾤kGW\nEci7HV;ͭ9YF3럲[_ZE=7Yh\nۈJ3e(=@^:*5ϠuOOtWU3$TQԓ^{w_jiDvSp@\'H[%{]p@ A_!\\h|#PITZYNW_At\0<}5:;ʾw&W&\0Glѣ\\yRy@Ա7]CxĻ\02&RWY4Lzƫok:	%D~}\rFa|M8=Og/+}J\"\0\00+-OQR_V!^̦WbU\'&ΟUK[n;a$E^\0OI\ri_FR2FKbe0g\0zϋtkOxkSo6څgR2=r=~zJ,WC\" 	u$h?	k\0=#>44X96v5&q/$xr@~?5۟;]/cGAk>_|;Ҽ5&VKFr\0FH\0\0>\'h(<#5;8Σynd$HÇ9;l5K[\rEe9\r \0:\09_*o6M\'$Xr?O,<[.x<~Q(BZ:Vʱ `$\0\0ɯ^<9l,F7Ɍ~,X4࿶׌㳇DrHNy|ED	.~P\"-!]pQp\0~i\0)\0S;|SGRHg\Z(o>/{M綶J9$1¾\\Poo|KW3?Lm;OQ.xԀa\\+hͽ%ջ\Z)\0#G⣭x7Tw%dw\"y=\0v=xKxĲ.-2D1\0(BE[|+\\x04H[J\0u&\0 Oz2ΌBZX8db-#Pvbx\0Imx}߈n\Z͵dY`f?}a4{]㾗×nͶ~5uSw9k+Mkwqi` \\W\Zς;\'4T3pTY>j)y_|Wxڇ$n<r+TfL ҵr\nH䔔\0sUVKC*SQ.<[DhtžP\0.ͬqCz=\ZVTҼMZֶ_*B)VpOJAr;izgΉhZM)	#->}ݱ]\r(_Q΢~F~Kק5-Y~\"x\\IR)uY!i\nG=I[Ԣk1nt\0K}K-REoL)P0Fk8Ꚏ.[G6!l<T3I?;\0>\"\0M\0}K?V?n\rNXW;8LjǢpy>/]\0E\n#ǾyAQk9L<*H\0 \'v6??;\roPt\0W{xk^k\"YҮ0QNF\Z7V\0ʰ\0|B<=k9조C-$/na9\">\0p={w,TC\0x{\Z\0/:r@<q)[ŐV\0:k!xz-F[rԲ{>/5:&w	i38S\0]v>\09$Ͽz7xx8;d\rz1M40G3Ho.+\0(|+ޞ{Ï~7OP]<Y6\',LH57lPƐ=ƭ}SXW]XsEaxMˤw^G&KiC~R~}(?a[yOG`&$_Ex+OjShG8 !\'>m.~>u4Z7)$PϰS܊\"mD)$*Rm$=~նVZĿj-2Wj^T+0wJįx=ɸϤ+sʾ=+:\0>3.6\ZeYډ KȬu\rr.OvϦłZ&<xtR1`k-󳳕NO\'xRXw&+ė1Yx+kHT]Q\0]p*n;ƣacXV^Y΅ehã9WϞ=o髦-֢BdW,IC`v >6IgQg-E+:DntcU?{eq1Z.Ki$co5|:Wo4Fk]A\Z[2h=z\'9iwzmi	qiuAWF\0Ajşh\\Ւesuq*d)\0zvmE9Jҹ9W~9c6Yzɍ\"|gH \0.|4I<Ó#lK.T~5_8gf94H	k\0/\r\ZI4Y[ΑPN2@ϸ\rGXV+I&]݁ dC߲o{Z}ͧZh+d#R!Y}ޠ*\0\Z~4ۃ>びmkm/Z-|L$JN@b}2~_/X~VO$\0-]{=+&T-u+)V[kRx\\tde\Z\0|[Yј!mW%CA6Mε ੐ml@0xX%E#@W\n[.~m }\0@N?-\"L\0\"Id~Ec`~4ῳߍRy[c!u(X.CkY]C!H h_~#<wxGnu\rS+=سBi8P̃ۀ898\'𧌜Z$v9\0H\">|\'|!tvZZ욅ݴom$@ڠzd8W|Ik1	J4ds)PZ^yo!r\"=0M}Yе1HS}\0y9kZ7|9i-	m\"h$X\'R@A8.\0G5ʓ+(W9\nOjE٧\Z徳mrMK1a\\Rfy%t<%P\0@8RHeך:[#E$NjDP_IkQd[:4rJZLBcuo\"4?9y5yA>B1H caI&^N*69;Ms:fu5u+Sw-̳B@!],=HBܮ$oqg#J[&tڒ&D׾}GLo|HڜeWm\Z%vT*OZ\0j˫X|.\rƽh-\0+Ƶ?C|kԩnXnuw*$qK\\˾m֥ƻR[X.PGA]1^/\"w2c2M9p#/nI\n	BOch$zcxm2p@9w6#?l4+532}4?wPCkM/\rXH\ZC pp\'\0y<yDpd;\0q\0b?E~^٧O۫\rd\05}\0\Z\0CX5_MW>\rҢ5/h%ap3<u\0Oo\rxb+\0\Z&p0#&ոn>ƀ<k{}V;8Q9w_@~,K\02\ZEi{ܘd[	@g@_[×z͍z6K4Un.A<*\n\0QhuuDYbI2\0&zgQLu0XN	 ր>/-A\0Rzz\n#5S(ކ&.x\'7`:W?ie?V#@.JHp\0 XhƓإ6ֳ,GRE_@o~#x;SX!7~܉n=0/?ȯP>7]jTmtq\"s/c$a0tv\r,Ogh(T\0~<>2its)\\3Lg$\0H9 \0o~%\0,V݆ndcmRhoyjV2̱+/?`ޗiԒ+v5R#L[$7I$\\ 3sm_a:W4>\05o\r;Mc}FA`\\H,H8#fvׇ4}_KmHq-\"IkC|i/xF<EآeY1#3\0\Z3O+߈>3綗Ol.i)lo@2\01Ԓy3\ZF#ӿg;i6sn}VjOԬSx>5-_D6=B+>@IoZ5|1\r\"qzȗi\0ʃ9?>9[5$ڷٱ(ݹA:gӊys,rĒO&6s|ݷ=z.xeck=~cJ2 Ob4^?xtGRL1\0:H;# ^A|mCe\\\"L ~z}SN׵\"F^5݀`\0\0Ok\rdȪ;FOfkks,3ʂvf(Z4	+{m$\n>T;YtK3Jj9c\0gPf0S&\\]G{\0|QYI#\'&$N\n\0z/oҥ)B\0v9OP2cRۭ޹K\0#HT\04;$oPl(\0SG<Kk.EzqP,}T]]2ѣ~\0_񷃼=WQ>Ϩ%o{2ޣE\0|\0|?iR㕔ataG5DeWaڟ}f9ǜ`+5[ESt7ľE2\Z9.p=Eu^Un{d|<`%rg5275|.Ve e#[uLd|K&G֢xD=IR	5m):ֻK72hD3ml\"K,~MO4vSOf2mErٞ0\\`,W+RFm<\n?7GF0Ԧ)Sa|_O~!P׮YC{Xr!_@=}vhn	jDn.Cz}ݹGzӱ`b+^\r:L\ZẼdaLu-Z;Xg~\0*{xMulK\0zֵbT@k@\0z3iU(δջ|:NѦ~<6<į\0-}y2uHA\nyᤚ(cbH$IQ4BMF\Z\0n%O2Y?N\\H2*9b4~U۞nڀ.i\\.$zO@lJp\0e-F+ԾXx\\T(\r&Vg\'\0M\0z?i\nj\\$$\0s%:uh2IT|k\0\Zi+?0e+֭vo[珨\n\0RnIlռ?kǵk7wmEq\'?JɝQN6\"7.vh?\\,L<QDKGl^eV`{[}jnwǷDupPd۷\'/?֙5Z pG+]>e\rB?ʽU$*>VunnN=Jhjbvx5Wv{gmWozw4Xm]K3hG`;A@Ws|=0Kuh\0*ӎwW}B|7t^Q$ڀ EH9?xoWo\"9k8I\rxP˨	!@$:+(Y4\r\'Ɏ㨒b:qpͶJmCK0ZxoMca/1^=@,5FTO/C޴u=F[\\k=\n\Z\0m{C\'8с?ʱъ4T\0&&\'g4rͷz8\']eaD\\(=ڀ;]FM>#m43g;5OI<Cڭkӏ_ɬe%Mb/O*}Vx}Qqqހ1>x5Kxn[tRf6Yz\"tٴu+m1Z-4sʹfvڻT3|fu=\0fCi8۴d$ձQ\"?_*!MKK!]#ZĈF.7tvxj\0Ůof+MxO\ZEsKr$dn\"kSҿgPGj9~+po\Zu%\0趯	3&:/QldQUR_4uZ=67ǻ+P4*CH碢Jp#gDm\'4\r&GUᯆ!foi7Rd{?ZcBKkH;F徵W5帺-ǃ.=K[yĜҽ#z?-CS	*zTWWteާgؼuӣtUDwpĬdrc5v==# >^28ҜTʤbiG[m0U$1֌R+_~|M}cmy%0?ܸ#c+ϣJ˾ǫ_+<*\0fL$MiqY-6VWx=F&e\'ѻ\\VR0I PDZ}OZ,;o\\~\'\n\0:?Bޞ\0:<+iael򵾜\0U\\8\0-wƗvzKe[j:;}OW`?!>u?\0u:-D$RÆϧ^Mzl=hYo?{\'\n|2[H҈3ԓ6#duWs,KLuy*xg@*= ҴtD7\Z~О?v#4Cc+ZG-2oC}k=_I{i:<{Z^m։rSدj+gԞ\"@8g=R=Sq7{iOi0+]4~έ6\0\'\\\0ujC]Tm=1[&8-UDh$A,&@ƹmQ\r<1\0<uIy:%\0w-_^@Vf\0\\=D$gL޳E\rsЇ:uo5+˼\"E\0Ѽ=CPӴ{8$8ehpOrknVWj\ZFwb\nXdVu%}a}K,4YctW3rJЮ\'&|Ih2*m1Rq4L뻝JMo-[1<N=+a\"$v8gָ%*k]4:0ti\'S+HOV5j^ٖb?8j)TP`\'~\'I#Ҥyi6ʸx>rxdkiՑi:ڧs[i{#+@gX2z~RKh{zPQLH\'׿|j\Z\0<<C{`:`PZ\'4[^fyұ|W?\ZtZ,YSx/·>\ZFG5Q/~g\'A8kiͶ<\'KKX4e%[rsVn]9\\߼߃WMxmJ)u\ZԚ=O\\GZr9ut a#Z~/{~N2~D7dXk5+o7|3U7xmm?_J?לּICvq~k\Zj>ۛo$7\\3gv_E-k1s]4έ>\'ԭLi,fW\n\nf7ë^/~$jz<V̖ͤx<\\V]R,M2ACxO!eV;-}\rᇜ]auֱ۸tjkc\0A֬MiaU$$u9lu*7>M#p0X]}>;JKu8g忈ξ׽zLwi92?(?xң3u~{-;\\@	_sr:\\vߘt?_aEۯYNkEЫ߿U-٘چYvf;a\\c<\0qk_w`~)3_iWjБvwxz#}]/e\Z]v}$.-紗>ٮgĚm,2\r$>XJ*z̩ӓSzi٩kVe/7gd\nivv˸떬HY8^&fcyxQm\0\n|sI++I_6cp(\0<?渷V )\0l\0A^EoJT^)]]V=wP-;>[Obwb<ŚTھydxn*GPdX؟`[k&r\n\0w5Ŋൌ9̰]ZIj\ZT)X-нBx>o<?u\\Ǿ9xJ;2dVmC²wNW>)Mn^;\r=SZ絒>$J洘^]6A??QLG8?Ҷ=\rѭ~.Ď?eW|\'.ypFFÐ~ͩ50=b|( uƻI_׀w<H͐E`ivZKz5$K^H|;u̪H[G`+=!ZkFr1;K~Dmݔw$\ZO+YZ\\_v8qZ}s{A+s w=*.G\0w)TA3~\"o7Jn0+6.{sK\ZDEK-k3pӔ\0;oscsz/jnԙ^NI5-e/)q\0^fcQ݁L7\0<-cf.6lЂ}F+\0/$}~	ߩxU_J{+ɕNg9P]Fj/eMmH+tU<GcXʪ95O&Qҧ{i.%p÷z96TMwj!_ QT?}Qi<;fkf~B8(#f5uۻe\0e\"V\0c9lFs;v&T3>b}>(կ^Ulsp>=).6FS~++6j[6]\rMVovDſڹuܹ4̻]x˴Ff6t\ZG]:^Q?kog>ߔ9#\riQlD%co/^GXT\rk[ˈ\n䝄{Ӄ=Nv-(t55K<OCpqo!<~zg\0 Eq̵ks5kwިxoi6\0,¯z|2lkP\0>z6lշ畮=.tğo7eg}ZDA\rY\"a>j\ZRlli<rBFΈhEEx[߅OO3x=\"6oOqsjeC<VѕE5q2|OW-cEuYZM\\{6䌜S\'#pBķF>lsyXf3-@W$\nv|jq8Tʺ׵\rZ_hZ(W%| \'YF+~Ra<W5\Zkm{32Qj*Z2֕n<xv,}1?xo!}Ax\\v 59/|;x//<6ܟ4k9dt?\04[@Bu\'2\"}7ǚ֕i\0,\r;IKܰʷc׵eG_m>h=z\n]ï]jO玀+\\jJˀayǦ3@\ZwWyK`~>9D.\\\'L|\'u4\0\0{=ro[NBs8++oqD\"?\0k-cv\n:Tԙ-d:8=2+1x>UV,@Kef嶻;MGnGZn\r՝ǠuG1unYs\n.bռ7iC>n\0^+m`D0x\0͢O:$Ju\"\07mOE[˶~\0ױ5]z]7m	+_@\'My~[?m^4^A\'YD$M8\".iݰgң5T45hp(<(Fϧ]Kn6īwkc37^ ׼K,13^UIg^f^n3Ws;c]MVWovD>	AɬGq&/e\rhڙr՜fr^>flk6;ͥ#.#7E\'˵^fW9%D3[moi6cp=9]ɭE;{2aF{W	<LZ.Qmoq.~}G#̞Vڅ*	\'|zdWPY̙J[ɓ6ykӆ\nbʿSXC2^Ko!;۵mJ}S\"Ѯ|͓ۃ 8:ƄC\rPۮ@zcھ{8,:-ڎ\'\'6paF.eN̽:mio\'Qq_C}*Xw=D?g#}=i\\xae~|IjZvR.!68`זi[ G\"	wGAƀ;mk]-ժYI;c\'<宾27Ly\"\ZH8)>.]x.5vy<gv\0gR^@m]jGF$Pca٨|ii^_9٤TR9݋X~fX\Z/ڮmIx\';K=$9,f0^+mK׌}jLH{O&h3xkvoӱkbƇLУnZOg{fh)mVPЬɹ|͐9Wtb<)/ᵛn%dyϧJhDlAИk8-B۝0Y|SV(n-%oC^+Ф;򖳿\"C85\'UGXxϩ5\'fi#6,v],i\02d6=	tk.;&\\vKkiL0$`\0\\ר\'n5CxTgǣ-.s!;[\\g]-W_Z&mkk-*дHLr1^uw͚[хVKv?yrON_a#)jNZnxG#E+PF;O$00gnBfjKSWMֹyWs7қߡZ\";F!u>k+$	r+\\7#͞Kk5KkavbUc͜s6?m\\xLu$($~5sImdѾiA5d=T!6:}\\x*sƽ?=o	K%;vG?2(ZIIh\0CC֗oY\r)H&!=y%|)\\t:mO(k|!q.ERauC}8t?NU+VMG|	}x5qW\0M&28{Yŭ-󼷘@mj\0Z=B{sI&{~!K[hX2BA>k?|;g\rX[J|M4D.\'(,=5O|UV\0Jqn\"n Y؊o,4iZ\'\'\"ĺU|;rbոvtrF5xMsJH6V3Qj߈,~ӨGXlSؗ+˕VJ/&bܟĚHk?]E#1u(N8Y&Ur}M1\\Em>F{_Ík>\"m؊(?tG[\0Eq\Z&W`ٗvF~K\rY2k;QFjE[?HӴxWkw3*!ԱDj|sE.p}h.2Ut\0eJY̩nx$g*:G\ZF>lq]<]Jh\0z}\rM{]58Ч}8\'y=kEWn(3\0\nW>=ޥKI b	YIwt,VGb\0\"-$яrL+8{e*G!p?J_~?[n[u	,Dr$sr79⅗/\'ͥXHмqtTl8@ŰA،O#?mBOrN\nG2KpؐA9\0C0\ZeYI^3s^ˉUu[mDċʿ*qq}K7Njk|KM{V֥u--bpXd!PO5~4c_*zAʹpy9~%-\'f<uyor2$Ncp1Ҫ3?Ú\0\r̸H\0I\n-IꚝgK<DE/JH19s3\\Q\'eszQrHc\rlU<\\~8bITn4=~S\nHϞ}0+q/ڬo|b%}+>+-<8;=?\n6˺~6k\Zq\" %@s^ȚV]H{Vǖ:rCkR]eI#\Z{e[wzum/q+Yr$3|4OF#\\\n͹\'zv~~2M{\0^\0.2Frk\Z(hf\"_+cF{nM.66	6N|jϭiBwu\0dkWP\0\ri|;Yu(n[\'bk7qmuI\ZEQX82m_rǽi3*H	.m]5xtKt>.*z\09D7<ZwIo4IAH~\\+[\rB\0[nYm#G>o]:ٜUrI}D[:nbgV=+߾	ť|Z89<cۻԔz)|o~cqjwCl\"JeF2\0#^=.|#$=VurrD\"D,ypM\0|լN<;\nq8?czǆQV<u\'^2CZhE2ZܙAYrQ;dw&P\nuU1I6kVWQNMDn3\\D.%G7?J@|?abIu,׵_T׿~YaBd{بh4KYoú[x2lnf]˟]&:.`qu;&:v>eR_WYY72nH޳d`P͚R0,{WI	&!o\'rfe`x_	5=vϝ~j;Ցz;·~M\'YH~ 6ScJ	+R_\"OҵDG3oJ(9ʺ\02\0 {ڵذnb)EaWNdGӼ;2Hc2Lwsu!XCt \Zm<?\nYn\"9_\0f_Ne\0p*0O]6C^e8gnUݯ߯%M6?L]J>ZdDL\\{կI+kM̱o1NBg>0鿆X-ǃn1ˌK^?ʮf3Z}1%iw<0z}9kMlm2HZdAʺ~X<\Z8ON=͖̋--lwx0\'T{\n<[ŗ75EhHv1v,H<lp	8$灜qZϰ步MXC&ƺaF\nHi6/M{IW~%6P_ķZm%B\0O޹5$K_Ѓ@5c1/Z5V Tn|r3`&.XD{\0YKxZ6mT4\r+o¸\0ǚ*;0#tgFEcgAi\0H\\z0]̺tFwmSKV\"|k\Zlp<m6|&y=E|Z|>wt7>}VkbmBQgh\0w=sjy:UKi|SĎ\n\'.t+פk=cIׂ\0in0z\Z05hޱ~zz-\\7VOr?Yǵn	mz	fM_AUU]pGkmњM\04\0y\nZΏ|=m\0A5ψڦ\'OLc>kjT^?I[6{.O%\\ڝ͝GK4O0A;F?V/SA𞟤C\'G|s0p%`ߍ{`.e\n/|:/I/u|~AkZ6ʠp:qWU:\ZE/anW#8^z7.Y--@W\r3K6OUr>{RgkV<JG|Ta_&wzSj&^/M3@Z4@=k:αeەDr$O^q@Cz-/#M+5<\01޽෇CIZ4[++{b,稨mYЋmOWw<aͤ8HTR#sԔ\\3^3%-ufD\07㚤\\/Y/e\n?ZeÇNޙnJn=X@XgF1P]UF8T⾑!7|ϻph\0S<45<l2=pzOl\0}:[~[X4_\rA9l]#)NFOmu|zr7*pܷ9b7*z<D[ɻ޽+81j3Gԥn݄}]6{=y~d;#64\'xڧܯ΃oè+\\xuu]S3hwF)>ƚW=oyl:pxp>pz:߃p=bGV_y@{vPO?񕵌dy\0I\'5\rLI\'Q\'toن6~j<h~^p,s\\rcin)ϿFوd~lE?ǗnC8nö{\'\0I<=V*Zu(9ᎋmY$-͓?>6ZR*BW>nQJU.?dIԥ\"%A櫗s1>-~hv9#tǦRI~qҺ0/c+4SмIy4gu;F\0(WYlN\0MG7R\n|^.;#\'u^wZgg,$+_]c@hº\'V ЩpEbEKNxyN/|B_l/:F~.-1tZ/ċK2HT{VVg)?l7A>\n<2r׀kL7X$z\04y@\r-?m|~GӾ*^]LN7 ^G(=ZWx5F\0rQrHt-j_1xo;^qNܵW{]VΗkK_.ip˹hvW5 ̿+KqԌ>VgV!sE|Hx.\'{Wާ-%<i2|IAثV۬1JcL`Bg\0ٯčNw:9<gkuoYmbxt	È\Z\0\0A5U[m5rВ{YbwF>m=֨0Fzv m>5쑓ᵖ#,-[Q9\\ﺕqҴl-\rO}VJuBz9oD>Os?!ch\0\01q](ߵDc=Ox^ y-3^_{ef#ֱu9_~FOVu	MrS͡^h\\IdwmuY,-nE|F]uqF\ZkڸzUh{|qe&&xN$8 \nn[˨>w-H!Ɛz* 5(lʦgm{EgIU k8@@\'BZ?_\'&ZM\nCw&>QI[{k[O1V)+xך]M*4ӝ\0~S\0xn},E	sMnzy遊KDז#/mxcڳqJ\0Nosҟ$$G;v\0YՒgkgӚ6jixx\\QouQ\0/g[UuFK\Zʪ{ULWq\\\0;[ }-^\0o#We2fmԻo`8\'5Ų}rKwOU9f=7x؅UݘdMyHo4y&ċn>S?uZGqn΍<`\'$7L/NZ,nI#eQvbkBRW-͉N:WzTί5^׻\0&?ԮY!ٵN&|M=Ѯz7\0h:=Q\'W47:ficF%Y?{?LM{=ɄuC9ZĎ\04bߺӭ^ǁW{ߌ\'#u5wsҠ;#i~֮v)bwz|I٨!qZoNj[Rfujyt36+~ݭ}ߌ1[f8M0<21$8W:hMNGh>(t]Qɋ3\Zo~(jKq{inǂ c񯣩+FFJ=gR&nG;Hlx@}𭅿oM?f\'ÑWt}\Z~gsoG|M>L0t5~]	\0$5цRڑϏ\n9j3P\\?0#>|>z@G-\\i\"*Ch=#r+SR\'܎1̐	t}kBLkc~7GfCm[h_w?ҽ/xdEiBGs\0WbJ֧v[.\\D~kV;r]\'\\F,9$?ι?Ri}:Waݤczk}b]{ɵ+FU͖{)v\\VEPf?.ÉDpںNrZͽJ9gqo~RSEr6\0\Z\0T5O.g\0w\0M|WKnzoٝm7uyZU2waΉirEp\0=\rTmo?ZKxZ8I2kXh9O\\yLw`R^%iFpsf٣)L[?/p&\rnrk񴪬\"Q>wltS/>{}GȥuD.ͻzAg(SsEt8|6Mk\r?͂x\0Q[UKx\r9Gk/Ꮅ\0hy˻y1FNUM|YVr=t4qC	>[r3fgR=;WxI\'naI%->6MI᷁eu@O$0:⟏<c;M\r˒?,FWV{,=7K\\*O]ǆr;KΝ}=T\rG@Z&6K>vnH#?:覲,93Mm[?jń_yzLtp5J]I>o.ta+5agw/3or->VfӤ	\n,SM|?i{{񯛡Ty+Mc~1_.OZ4:ໃkNL*-Y>ї}1ڴ47}7Wb~Z,4.x tt]GY6?Rкnwn&#0WO/u4[\0A5=}R۷ lR8X8r!ey5v3eI3/k#E@e k>XKs\0,\"\'=xW0$oO-|qU:&I.2~tWjn6~Ŀ  \\G&IfzfciL[7j	.<]	sw]-izGr=p35sM-LK/;j(I5b!+(T~9ئt\rrYBwS=	o|+a0Í:0协nw2z3ū胦x\0\Z־V_VjID3qV5(lv:jϦk(vvn?؍kK^WPwok(+#\n֗47q=8Ufc#8V`S4muN}+;ttߊV$T\r\0i|pφ{e\0sA|AEq\nMe\0Cm\Zj0T/_kwkU\'_gkCfrן\0Or|e?SjGnQ{d-\0P*:ރt0|sǶAT~H\\9+5yν\n՛0|qXs\\L_AEޚ<dXolWQICꈿ<Rb8 yEt7Tr8\rq{U]=JρZMEhXp3O/#\0R\0Y_N/$Tbz.hpqR|%ٹ V)Y֙[+OvF_9{XW^&ۉ\n-ǣ٣yEFǧ sC78)Tq]\0w&2K	¶x|M&;iancٍ mQ\0㤟YI{3M˨j71OnǢMq$ԟT֑jڜ:<p}/Fud-Nmx\\~)|(@y\\V:Dg<zWydYR\0#ܚ\0Fz(VBL;Frd>Uo$*+88@ڼ RGLzU[Td$r(pn9+C7,9č\"P~V>CV0I#\0QN?J?3iҀ7ocH&U̟tUc5\0g_Yʨx57\'nNLVWϓQ~Ǜb\'\\|\0G\\<FM3lɪE.3<\'+Qyk?Tr>*[=aH;v?X4<#,x&VFKU]ͽZ=C6NȮ˾\rqyI|Tu\r,[r{Vl~\0	n\0y3gW7u\0A\0&VWةx>[|{hn\'[1ke?i[kd+9PՑ\r[wvmfe`/Ҳ{\"HΩXOy>ogg>QȆn+kmTG4}N>A^ qZ#a~^ִ+a[k+MʒfUJdϢkE<ym]j7GSwbH/iRx{\'zKqgszRG\'v%[_:VVʔnjϦX.3rj2ukQ2\ZE:FqNOGUu8Woϸ\nZEΒ*9vk	Yx-!p1ǿ\\4%}K]kŴP) ;x<#$7+oB0r1hnJ`Wĝ\Z8ppFh׿n{:W4I\0E7C!Y 9^}B\rOUЀ\nӓ6j2YN6m<:hj1.h+1p<M٤Wq=+wGp*Ʀ3TN;CDđCxVm*ẎFC_ٟGQR6^ey:\0v\"6~5\'-/6׍?J<r>WVm@(Ҿ ^诹b\\A\Z-KJHCB<Q\n˕o}ڻ~2\0 \0L_\0A5vwd*q\rMF$4\0W{ ~u4Y\0VvV::|C]+\'mBwֳKRGvvL1sks5r:Jy{y܆㊚{\'dy\'+\'7w>=pHj̸Or:cLZD|z_xmuWibHbRr`?yJkH%M6wXXXŪv6JGn;g{׍UMR{jJ=vk	-p:Ȇ0K+o]sg^\\tMNѕg\0lUO_\\M$퍈	,s\0rh~#K>w5Kk9b,.KĜ皿\rA}>u--FA?()|glm? aom5Ť4\\ `\0!mc\r@QG\\J\0%\n3$wl|Mo⭭tğ\r\0kvG>1AٰD^s!O˧X)RᏩ4֣>@\\\ZS{;pI=Ͻ\0zvy4OBǒ?ZO\ni-S9\'5LD_wC*pwnMI\0rE*~b&Rkil#{u3b;\'yJ/awfw(!8\"[VYMNksv<BIum÷˸7c3W\nx~Atmx?d\rT:yRq\ZٖkuvIp;d9	n`h&#GW\Zʚ/\0&\0&~x-֧	(z2.t+~noX\",ݎz;E[ר}.Sr7s5k7X`r$}ӯ\0S@wԛ[8kծ[N-^OsMM=Qyk_GOk9qTDmxoK\Zn>xq޺\rIEhp6ECӞkU~\"mǚSާz|!75w\\M+q8c𯄑H!|7\0^]7{q@U$ך\0`𧆭c/zF2&| ?8h~{\'F\'\0Np3\0m#Z+\\lƧwX(PrpO_ZG4Vኮ<=\00+MWx558t/E# ^~\\*n2Yr@c/xzv\0-Ŧە]8rĪ)>s}kA\'ۧ\0^3\Z<wJڝq(:\n4in|E~3l5CWUN(5suĀ?\0u\n΃,yP\0WG\0ƽ:|V5~%\ZW>)\'Bw\0#|5XۺJygxub QOx\n*QiEfM;PbUYbs/9yN<!*|W<\n9>NY.^%Qcr\0wq^ď>&	fM}.btnn߭7zמKikO8?AT\'dҽ\0~23܏X\\㦼:fmO!u\0RЬ?S\rx-70}xrr.ܜr7vz׸hx^\"CН{usmE?S	#~F29nqztonUIGcookWǒ~c.؏O\"=7K8M\" QJofs:o-x5鐿q0ճ\0|z;@bU-z0V<ɳ/zkڭ޹zROBGZUyQ>$u$3ں2tkzSQץ\0K-\'VMS6(z]FHnmG*\\\\WG\0uCOӴtU^v6Z\0ឩHr\\i;דA1\\\"vos~Yk#o3;{=NI&<FKI]ƣ]F.n6ʠ3Ԛ\0fMa^_D):G\'W?_(ֶon$ȿA\'\0{/k?hyFkV|I_shIGXb?GP$}QX^>)ևr,w>u˽?2c|;}Rh<]db\rhö2>m]I<&4|EC82~ m;mn^[Gk25wsK4^mі<0\r0٣վ2C#A^+y!ah6u[\nXT63Sf?L-+keE!e{\01+u\\)zQpe݀8ӣj70Z9aҪ2x mA{B2)L]6[co\0g\nۤa=;ŗaqGo\\W%	\0Je3ڟ}uWMǱWY4r^7xyVGc]G|0KNo̗O2ڻaɫ$i@̇ЍI>Z\0FM~wg\n7Q\'4>U/\0Z|u6\'h.#o)sF@%.%g).dv7ْV(2`\02}8\\7(sLŋN>85V\Z=dݻ@׈@ܞ	n/y6\0_Z\05AKjڵen+ѿgK[ϧZDM\rܚ\0EKn0辘μ#/<j3H4n`>F\0ЫBnh4EUm-[o2%X1k\\,1+BTWT]詩[/bǶbR>he]+pgTyT	]$^?^Xd懃n+@׏+\\V{kz~3dOdWRwm.|ț̷sa5C<OEyͤ\0Ϳ|!e޵MolL1\\MQ[PWk>N5c\\v~?7P\\5NZQ\rɧ\Zw4P+7FĚ*܋\rV6	bqmc)8lYE\'8TZ]yqogQ7Rn]ǡ\\GU\0{Yn\0h!G\Z]\0^\rLW)nhi\Zskc<Ab@As漧W.thN+,NpJ\"\0g^ovANqZUdK*ʅHwPyuH[՝uDof\0`rܰSr\0%$0=O\r]_@n.KsVRkግ@j(?j}/knPN}E\0g$	7m]¯\\RҦOk Wր;Za7Z޻w{+6Xؓ^\'IxT9ږ_?\n\0[Ŷnr@,Ɵnl-ľ9NO\0ᦨׂ4f\0}	C!uܒF\r~چ>cӰSupr#oI,aDm_w?z}l|m ݜcԊ|$OS&eS\0,ϡZLW\Z;&&R{{m?ƺoktkSPɎy(Xc$1lt?χo5\0jH.L`׾E}9]>ͯ˯o?s6x$`5\ZU8-juyzco;~穮WzQs<7{m[ľzXZF{QNnN?\ZUn,g靣<)+vO.[v?ucr{X\0o:=C|>bp\0mM+\n1nf <=\\WsT:\rjd|Ld2{͵&w5/nX^E7p?s3XS[VVxY5Gk&\'.:^oPm;lr^ ڌMf猝}J{cs%N^C|8F;Cuۏᛩ{*Htfny\0S[Bҽ\r5-g0\nǷ\0KM3n`Ɯ\"q^}c$6NO9*~%>V]>S,tIon@\"9\'4َyv¼_kE^<ܙ -#\0CUKtw/S7ԣ1hKă@hx+o9GlO\r|=>&1V/`Q@~o|	+q\\nAl~PÓ0Ҳs`h\"k״f+i{dAVQK_Wot| \ZZי皳-oq46X1_UAuhh<a[گ!X\"sj:RXZ}r=kc{h;X|nӏ]=Oyk\nv!{Wc\0LWZ(b?Soq:Ԡ6tZI}ўz&K]D_r~R}Fe{봜U2;7vzp8.hkr ӵi9/bS\08=EkhGV:,/]H\0=տvzg2$Y|D+%MF孮A83Xլxco};OȮ2jm7؃]TQ>}GfA#*6k vרx;╝oe1k0̠@r1\0t3|FZDOx[G!D{ӁMHv\'fkk@&6<%=DB_^nϽ_o--V<#]yemzV=+Ѻ||Qu+-+I|~~gg?^?/u+	Hex[un}(3j[\r)/.\\ƐGrrk˾!cY\Z(ED#.F,h/Vl_ְ/WT\Z3o8PyQq}TiFnl\0?ZNdW5Ic\'9\0\0u?\n OԮC>\"z<VY@o^>Q8˸Ve#8nS}2mŖ.WKm21YV5-[욂0T߻o ȪP-ZG5Pw<\Z5VkKB8Tz<+Gqڅ\0vq{jr\0hkWoqSZt7>;ҵRTi\rܫ|-&O-|HSt5u8a*`fF\\cUn6%w\0|?ic\Z- \'զeR25_ƶX_Fo*nv{&IWh{p\\%ܲ~?J\n9I#^Շheu 3:#y۱c<7Jf,ymN}klc^Mͨ%{+vG=}(C~F51;b1jzz5>hzkq{bH@]DWր=᾽kA[rE͏\\&k4p閚eg(C<gsϵ\07u̍`dq1KҞ\n<a0?]m1۩(~(\'^6\\[\\o=L3\'5ӁP|\0z^vm1-죖0}sƾ0KZi|ڶeJ\0mݭ+DM|żr\0M=KJm\0gTƀ>:T{qp\ZmiF4|[@KxW{[x쾻pG+/zwmdvvu_ޭxZ-ž2IW{՘&-1?~u߷bKEg6߽*:9#\'\rOBXU\\Oa>nSבÏ>1#j>[Q4ȊmbM\"6-՗%\"s58\'<J6TyRISަV	$W2?z+yXc\0LWΚIIĚgtn\0ʻ$D#+|Gd3>\'J<9<ˤ@=9lx3IJѭEMny5gksWQY|u4[2mA\0͹Su6A,Z;}v(nq(RBQa_pJnWSXYmG [8}\r:_GxGV\rGy}ݹ9ﳗ|\0Bh|o:e$\\}xܚblCpEܸjۊ\0곲i3ݔ)e,p^/:&5ݡVay<)!(9Oc5_jZM$yB*k<_mV~<	΋A*:P4oxukm;R}3_8]*\'¾*n.Q};T߂˨!VcЁ{\0?:m֛/o/\Z[\033s2w\r8h]BQ=6dB1֗}xy3pd9<P@-}KFd7?Zk3\'qH^?<_1#Ę_mW$ĺk\\pB9`{@OL_A{S\n-s,+\'ūij{v{gN2_89T\nh,!)S{bHVh6U\"OVk.{`ֲ +xr(z/<[Y\roiRǐlƫXʉ\r\'Wto/2Pfy*~e?mYJ\Z푄b{0nm\0ϧmڽ\n2컿_%\0|GVVGMg6933;u5xu\'V]\0(\\Qlr6jzXY.;dW|M5%Uf5Y3|A[S9+Gboۖܓb\\W?if%A7gt5mwmV=\reԮ&m}ya		wwr=P>K+YWZHk\r.fp⦯ʑ2\ZAqc,^drA(>|TӞM\n<Z?9&xam4|q#[$C߂  Ӣ8,o@8\0{?_h1r:6쿕B ^k֋#\\\rA.n&o@N:[lXk4)љ\\bo!_2xX꺀5H?}h]E@z^>W*dG^\'(˺=Ǜ þ5i!HZH0;+kkvihHήz]̲隂K]腗x@C~ѧ\\ٸd~\\~:FZu=ƽJIFNzDԮtktP=Ï΀<KoiRw6lǠޜwZNo&ɭПhK\riJ-2F]-gwak2;,q~;߀%d<yHN]^ٮ?Ľ;QN,|Koi+\Z˪=ᎥS+3s=m#Z\rIyC^ɞud> ̲2AHoW?2XWUgkN,ys~ mKFTu פqG2I㵅[K}\'z4>|d\ZƟr#_%؍Y>\\H5 lȼ;fz];-4J$|WWulq?\n6/i\0b5C}ֳaMZl8]`Q!ڦr30msBXBNnG_ֹo6fZ͓\n-YUUoozZ9)/[_[Bjy]H?zMXkvMG:Gk\'n/Ȼ/ҥm5O`{01 Wn2)HeȃsqWX׼\\<GE{=1A\r wsܚT{:8S.ހ;{-\Z/	SLF8=RyS^/m\'~Wr67\r\\ʾ:eҏ4=wkhSF{W0Ӥ{#PVѧGk/ Y\n?NRUHUM:ngOW^lN 9IZxW宙NEp4{\'j>G\n4BχGE(I־RIRL\'}%^=J֯|;Ů雼%N]3Mխm|Cmq-sof	)=:wCcҴ%SH*p}85?bC%Mo1ߚ\0úֱ%l2Jm=[;=\'o0ǌ4\ZiwMj?ş	m9ӼF+$\'s]²SUiJk.$Zwf9YTs&4^\'{_\\	:9$ז[ݣkTVL_\r/6~C3/pk湏^U{k<0wropȍo(:~uGnm<D|M\'k)}5\'ʺ#_#wTN.T|1il|3$9b*	%|?m\\nwjץY/ZWS^̗KYv~Zt~UuﵩutHA+^xrؑW>aU6L>5W}ױygnnnuAq݉\nqFuf/04}N#?-icґ{P/mu3kI%dyRܝ5[8-?1Bqװ}\0&3]C<בL<ecO=ޜK\"zT<|;إu\0ə0{LdqPF<7⏄acrךKqm:\\[z|-)fZ#yKv5hvl\\&⏇7v&OY\\0c\0|sǽ|N~j~:),|LCP\\55rA+52Y!-epHÐA}e_|3n 4-Z(w+4$$\\?Ɣ4qk}Lmy\08\';oP}{PwES\'3C^[xhO\\ӤR!̠~t\"𯄴l\r&\0\0W͟ڭٳo]dvhVz~ả+uvEe|BXmcht4L=.&c#{Oͫ/4)r{0=RBln2b~UW➎ǀu+bJ(}+<]ೖI_Ul2a\0lXYP݋~5xŪhvZnaq\'\r|4g]HmC=ݚQɼV)[t|Go|s\\WC<o\nƗvސk㫩Xs!u8F+Nqұ%\\H4~Q{Xr6)mʑ\0\0WK9Q\Zn9ƻ]6gܿ˳|AS0߼ֹs#n\"{.mɏ̫Vf{\'w\"K}\']6\'}8$!^Ť4cW4O;\r[\"I~&#[5M4aHWLWz*ƟߎMV6wSD̉zGVl=[\rφAwh\"2:[­ť;##r/#^[E[L\'PEWlD8\'vK6ëՉ՜w?SLjYږĒھJ:O|wLԺMw>jƬ^ioOcv;3;xjNإl\nnOOqPm~hB7EZXMݥ4L7_\0VįVr\ZHc[s>m5ԋe~>=$t$(a^^ڗ:D.;OgiKoƌM*~G~OXrJ4-]_XfvR~ۭ)ng\'Cz<5KCrꖣo빁%ׅ;ZAVܼ^}cItvgwxW4ucћ\"ҫ\"Mi0w_GILgĔ\\YO?J27yƑz}-\0A5\rơ;$GClSP4ۛgvrEkh$kֹbu\\T<6ѿSۦ\ru;ŢݧISٕ[nyVe?6{ҙ1-\0wV5yW>Yn)w2hIu[Y)cj8	?\\|%mcu&a^)I[!HWgIVIBXXP{Iw5xNcdi[Lۏ@\0vw\ZKow2D*l8(}1_M\'׼9?~GRy;3pk~h\rjzN5?l5[{=\'^̰[;?qq_	:zxsRk?|89u瑼3IkuV\r3`1gTmGFh\Zwv¶ߥE͟z\0?+v`ƬFGDQ\0oiU1jyiآK{kf#@̫i+bcA!W6p34~|@j7Q[ֿ=\ZIק/\'_7-ɮBu}i\\4\0\"L-2sx;5Xz\nQw~ehm?ܓ\\ҵPL~_IwGV?0P*$׫O3OW[\0-{k/b)\'ޣkuj\\9?r/uG]rz}++CIg]:t36޵;\"Gźeݻ=lx+o#NkJBQnskԟzN3jfƶAoƻ~osYU*ˏ5z5m:]\"H~K0<W)SmcNnWITi^*ZC,}k#V9rdEµ3K˲FR:\Zu>n&s>4\'JIbJVvB@xI7KGN^gl\0Z=τXbfIE2urW	,U9\0y~g7x5|?HuuH\'gV7%#@0J \08O*F;dHyپd?ݨ&NOJ\0+BӖ\'=@ov,Wskx#mo֟.c\Z]L~@#ͿgT,frw~tRjO}E_6e}\nJFy8z?pNɜ7:}!}.oB	\"CW|Rf|gucc&N=+愑Jpr|W⼯~Ъ{}\r쟳[cr7~Ϯ+\"+ʺ:U\0_-**֧oi?;wp5Oh{W\"c2<I!22nO~OI[v[Z{KúNKd{:ҙHoc\0>$C\0ҹ[؊e,Y@UQrk#VgvI\\{\nŽ	h5-jh!$\ZTWm^}k͍e-?2Oڽj-:iɮQxKPDщb`9?J-|9Dpe{\'-πt\\[2V_q~?yc2?AfC	$/s}(y_b?\'#W\"rwGF_#D\\noic&[ɟEROiRr;|B\\;	lLO70[3;9yg~NkGSő<pL{ןʨF\0xsn(Yq(V$vPKj%5ր;Fb-Vf9020;xQףAgi4ym텅HZ(ۄN4|mπ&_h0j1\0q\0-\\+[{Vu]DHa\0ׯ//S˟38^\0:T.BGmv=w{Wzꟳ9tՓhe^\\dW5__RO?ɿ|n1rI.:%t`veo_o\n}\0ɩ,$U@g#VGeYTxO%\rʍcD\0J-:[6۷o#lCfG|%yy;mݷƍkbnXw7\'ϓNA[W\Z>~C#!})24F85[(<;MlaI	jߡcj*V^_=\ro4gK2?*:1euB(*z}^O6!w\\k7K\r\"K$#aU$⾺ˠ|!ޛu\'}Rd 7WA\'՛Z*3J5ַ\0[=٣Ǭ\0fҌT掩Ogɿ=?ĦkiP̽Q^\r2ysc$0j;(W\nrY\nᾕ^YwpT\Z\0<m\ZcPڠH֖rO&v*:6/YriK\0	~a\'B+ܽ4縰R}KF	sS6oEƟiӮnxdс׏~rn-6\Z(\Z)rk+wkZ.ɴWJ$J-EyW!kmYnI{fYE3U.L))u_EO>Vv4$;sU87<{3Ck#MSHKU:$)2Pki^h)xR5qH\0cU.,U\rx:9c	\r$, 8,3\"Bt˭_Wxϲ\0@;	#8\ZJQ7N.G~(Z$}ZR<^<y>:ӭS\\hI$,$v@ʼ1\'$\nJ):>XCs-QIu{u^i(pI\02$\\]nGYGp1/\0fϊ]xX\0	.:?kq,sR|Kv.E-\0iĻtw4-l/]?Ry%O-Dqq^L>R|sShg-=@5OWRE5,LprA\rc\\[TMuk܊0w5`+ETxU:\'cZ	ZGvIvdY ֞$;4d#]:mzdr=2\"]FGWxM{V}k%\r.BtiLg85HBP8\0{W絹ƛ#mxWV6^\\M=ʪ\'<I$u;:架[PgGarcgCܭ͵JC\0ix!𝍽}M\Z. ;s_?|%ōzk$w!\n)P@!I\\qZcy\rplyc<_Υ\rFæN{Zv8\0pz\0	cKPe*\n!<puy88=OM\no5R@d7|*K+_1A!T$#5]+|ڝ(@&0	bxUI \0O⌖by/|;A0=ӗ+H0\ru8|S=sk!@Ȥ|o⟉j6\ZMF6k0Bc9j\"sSo|/5_*LEq@\'@4=]\0A7tif{ 2H#޽¾.?\Z]i6\ZZ\0QX^t̈́$n3z0iNI7\0	\0\\W6X/ܹ?g3ۭqC!_ӆ{X+4*FHoY!\r	qFbb>^xXtHUއ+{Sgr!I	(c=G9_mV5ʢ:ل|T>?*5BώSc4t\0.j1#˘^?:aS8I\n\0˱\'׵cU\0Cл\0?gw|ߜ9s]\n&	/R1kzn&h.kc,0%8 W_~7>7K3=֛.rHbB}6(=ɩ>v*\"8]>?__]l0ޘ\0E8Sԓ]fO\0uku]Y$EǗ{n΂T@^2p;1\riN|\"?gf|_lDg ~E3\\H9FVR  Ap$zKދ;޺>3FEOosw4sE>4ȿfU܃P+umZ>ֵM:{{Ǖ,4 PW윏9zm擩Os^^OiHq!EB$k韌S[O7:F֎g$_&X9pzv<?6&W_ՍtG/?tkKk;K-/%@xB(93g$con>9x^\'50#ʹ\r\rLw8eUΧ0|cu{kfnZգ ¦/f\0t+MQB\"5\'\Z^s	]RIҏ|Ʒ-\n=+Vei&ipxQO\"p6ۂp98:)\'/^)\0\0|}?\0omirI,r-FeIۜt\'5xC3ny\0P-6xnLrp H&]?\0>3ŊH>i}L[7V{e!dy/ď/OK%I})q,\n:+\0vhڗ9}qog_qhҾs D\'Q>q֡>?^?o|EnnOPtO(VȌ\0@#<S$x_&艥_i#[CA1ʎ,݆ĦzȆ(=><O|B)X֖LEq* @n8;\'v_\0i\r+W2)%-ˌP\0˒OGQ]\0pmGƤ˟j݄_XMT	Ok\0bN?ROWVvg|_ψ|QVŵ)\"aZ$y+h|#\Ze!)C\nwSSsik\0\r5{;I RYZfqm9b,KS&Qiv-љH<z=kW|[=?X.ܨ4*Ÿ\0c_Y~g!_P\0ʾzo,\rrKv5	yxUr\nZ$o+׏/_mFbh8L A\"Z~;mBOD@rА#\ZXvxSg[<i7^&ѫ6B\'Q#fӵ㱒O_\\3@yI=R>`!e\ZDO\0^jzq#88#6n?jl^,\naorPƫRNr*ߎb<-hZΌ[xyb	_\0:(9pJs_e^}QxKĞ7{}KVSNx.E{$H!g9G_\n\0S\0Ѷ7Q帨Tςw+Oϙl?my4OKoAd3l}c~l;qҝ}_r\"17\0/MM͖ֵA#6dB5e2+𮪿m:!x[Kϊ\0@\r3\0Fה|K\0mf?GD[hPE30l#_4?iO@_|+u>=8LЩ,ѡI@9 rq~9^y:%Ga__sSu^7miNn\"o2]7cfs1^a3\\OZu.&:n`+@9<f6>*zU{imeӞgL\0x_N%[m7I;FdPFG90F(lKPjD4Azٜ_jDm/<2[mKP>:/\\\0vT;`I$~a\0%?7Æ-Y(\"GdKNm\08zjV\0wk61&q4qjVKnKnP{98R{\ZX|a<ArWӵ_*X峈ce <F2si(:\0g`M=ĺK \0FFo\0	#9r][|\rouxR7d7\ZL^^`\"wvxb8-\0k&~6>3gN3לxGџDcd$ѱDn8Ry}s:?\rx$_7[mKlr$`Dǭ^^?7V>%h+(2 -$|\0 l5N3Xwў\"2 ʛ7Ǭ~Ez?6;{}oM?\\-H9As(+mNo᝻Cٮ$8mVYNY5|5o\r30\\Mlٝn7c1Fr:Fn[Ʃ\03U6mmu]TѵEC` 9á]sفl\ZqmJLƤyYߧ> \0	*6pjW֫[֯b;s18\0$qkyUmTpC\ZPPsۥqYiơxM$}d!	C/x?tGĭӢ8٣;!bv6cM9J(^i}6+iqosmwd\0FA*pkž1bk?hm4![\0	n¾ifN9zksl!</x&ul/\03|FPq=@B/񵗉Am4n13Ĵy@\0\0k-e˺>fQ\\]27V:\'Ey$C4)RuZb\0C\0@\0]pbgWLO߽pCiq&f$ǔ\0\0j&5\\U?Z^edskuA+	H9WG>s^-NB^\"q(E?,x$I<Weʤm.o_M-<%鏣[k+CHMۈn#|_ïZ4*X\Zco\Z;!0 ^\r&xL,.x|3:=F1i@8<\r\0q|ڷ9^hEI$$F\\qHy}k\Zl8j\0Ş$\Z9b2DIQ3s^-6֑wj1FLWvlb*A\0r|U$F֬o$Tǝ&A\nOjw&ԯ<SZ	DH*3deV|r*1v>C?x;f&^i&9\"u95WoMWomy@3DM_\nS\0lx[MD-,R`\00H}1ÒÃL[	⻶fUx&ITܹk8WKmM!į|=\0\0cJ:=E,_D/ꖑzn}6B<*lqxk@յmwƚngn\"m(Re<ҲXjs=XehUBh ZO_Im$#Ex?!\\ڍ[I<\\oc6ǃ-FT\Z	?T\Zx&f̺\Z9?\0ISTcDO\0U,\r|\0m\03z?\0	<&55g՝r$2Bw\0\n`>?__.Ì\0j,\0Ŀ]\Z~4\0^\0Ymf[xb$%BqU\"nYxx6bFcM\nKK cf9>WFnkI[B6[ۖ!+c/=qZL~o/lrs|OJsSҏ%=)B[-A׬קc·e݃ʐzAt}6cb N\0tP\ZKj?̣y]3y\"En:|Ewr$FO%/M-i\ZH鋉Os[0Bj\0@B\0\n|\nhhs\0Mj\0~Oè{?g\\\0Os(o	B72\0ug6,0h8ΐ\03@?	Ch10?\0Ƶ=\r~٭}5mbs#ĚEIY8_xUiGF`::GOu|\0dKw|	^4\ZlWL˷l$P LJ8՗3\Z]Gy	)\0eK\\kxnJH\n톕X>>iYC8={֑ҋgDqTy/>\rh5-BYC&|]qG=IKV@Q@\0Q@\0Q@	ڎP(aE\0\0\n\0)h\0=hGJJ\0A֖\n(\0\n(\0\n('),(4,'1.jpg',2,'\0JFIF\0\0`\0`\0\0\0C\0		\n\n\r\n\n	\r\0C\0B\"\0\0\0\0\0\0\0\0\0\0\0\0	\n\0\0\0\0}\0!1AQa\"q2#BR$3br	\n\Z%&\'()*456789:CDEFGHIJSTUVWXYZcdefghijstuvwxyz\0\0\0\0\0\0\0\0	\n\0\0\0w\0!1AQaq\"2B	#3Rbr\n$4%\Z&\'()*56789:CDEFGHIJSTUVWXYZcdefghijstuvwxyz\0\0\0?\0\"\0\n\'?[Χx?kdu[)Ds[a=O7B\")/r9ɼt\0C::u_\0\0Wxk\0TÂ?l :\Z\0;̿\\6I/+>fuc@FrJ,rcWؙ@62yg\0\0,\0~@u+5\0*E(&ۻ>g?\0U<3⏲}VS7}ɕdٿ\r;qgy7\0pjm\0ENJi,o`φ~ӌV\08#\0\0]YQ\0\0Wxk\0U}czi\0&)??ԭl>#GnYV&TUF\"[p\n-iVƙZkW/vA\rEBԐH\0uw8#\0\0]YQ\0\0Wxk\0U0|k|m\0G4sm4/<q\02еX4\Z⸼OuiSRgoBK 7IO(^sIL[>_K.&&6ky.D&o-K(P_g\0\0,\0~@u+5\0*\"W,~^OM}W,Zw\0?[KßPO!TU+v6:5({8KqÒ9ix_~\"x:xwP?:AJĎF)\\bIw_\0\n\rʏpG\0DW\0»_FJ$iܿ~L/ZŏۏEw{V~\rIK<U^t]ů)nD[`3\\a~џ/~$\']r=kEd>M}߷7\nw_\0\n\rʏpG\0DW\0»_=Mꕿ\0.S<ϑ(\0w_\0\n\rʏpG\0DW\0»_ 	~\ZOْ៉%jv~ _i~ Nh>[,sd`N}v\0x{xƗZ|?u+=WZf<I\"1Xw`#opG\0DW\0»_g\0\0,ܟ+?4K**v{l?࢚toj`yqHYx/ +/\\7P>R_;ѿ\'}>질\"Ҭ|Eu^HG2K$JH\0\0&A\'?w_\0\n\rʏpG\0DW\0»_\0&i_Gz?:OBBIKCl_3\'}w\0\0Wxk\0TÂ?l :\Z\0\"Q_]\0Â?l :\Z\0;\0we@\"Q_]\0Â?l :\Z\0;\0we@\"Q_]\0Â?l :\Z\0;\0we@\"Q_]\0Â?l :\Z\0;\0we@\"Q_]\0Â?l :\Z\0;\0we@\"Q_]\0Â?l :\Z\0;\0we@\"Q_]\0Â?l :\Z\0;\0we@\"Q_]\0Â?l :\Z\0;\0we@\"Q_]\0Â?l :\Z\0;\0we@\"Q_]\0Â?l :\Z\0;\0we@\"Q_]\0Â?l :\Z\0;\0we@\"Q_]\0Â?l :\Z\0;\0we@\"Q_]\0Â?l :\Z\0;\0we@\"Q_]\0Â?l :\Z\0;\0we@\"Q_]\0Â?l :\Z\0;\0we@\"Q_]\0Â?l :\Z\0;\0we@\"Q_]\0Â?l :\Z\0;\0we@\"Q_]\0Â?l :\Z\0;\0we@\"Q_]\0Â?l :\Z\0;\0we@\"Q_]\0Â?l :\Z\0;\0we@\"Q_]\0Â?l :\Z\0;\0we@\"Q_]\0Â?l :\Z\0;\0we@\"Q_]\0Â?l :\Z\0;\0we@\"Q_]\0Â?l :\Z\0;\0we@\"Q_]\0Â?l :\Z\0;\0we@\"Q_]\0Â?l :\Z\0;\0we@\"Q_]\0Â?l :\Z\0;\0we@\"Q_]\0Â?l :\Z\0;\0we@\"Q_]\0Â?l :\Z\0;\0we@\"Q_]\0Â?l :\Z\0;\0we@\"Q_]\0Â?l :\Z\0;\0we@\"Q_]\0Â?l :\Z\0;\0we@\"Q_]\0Â?l :\Z\0;\0we@\"Q_]\0Â?l :\Z\0;\0we@\"Q_]\0Â?l :\Z\0;\0we@\"Q_]\0Â?l :\Z\0;\0we@\"Q_]\0Â?l :\Z\0;\0we@\"Q_]\0Â?l :\Z\0;\0we@\"Q_]\0Â?l :\Z\0;\0we@\"Q_]\0Â?l :\Z\0;\0we@\"Q_]\0Â?l :\Z\0;\0we@\"Q_]\0Â?l :\Z\0FE\0QE\0QE\0QE\0QE\0QE\0QE\0QE\0QE\0QE\0QE\0QE\0QE\0QE\0QE\0QE\0QE\0QE\0QE\0QE\0QE\0QE\0QE\0QE\0QE\0QE\0QE\0QE\0QE\0QE\0QE\0QE\0QE\0QE\0QE\0QE\0QE\0QE\0QE\0QE\0QE\0QE\0QE\0QE\0QE\0QE\0QE\0QE\0QE\0QE\0QE\0QE\0QE\0QE\0QE\0QE\0QE\0QE\0QE\0QE\0QE\0QE\0QE\0QE\0QE\0QE\0QE\0QE\0QE\0QE\0QE\0QE\0QE\0QE\0QE\0QE\0QE\0QE\0QE\0QE\0QE\0QE\0QE\0QE\0QE\0QE\0QE\0QE\0QE\0QE\0QE\0QE\0QE\0QE\0QE\0QE\0QE\0QE\0QE\0QE\0QE\0QE\0QE\0QE\0QE\0QE\0QE\0QE\0QE\0QE\0QE\0QE\0QE\0QE\0QE\0QE\0QE\0QE\0QE\0QE\0QE\0QE\0QE\0QE\0QE\0QE\0QE\0QE\0QE\0QE\0QE\0QE\0QE\0QE\0QE\0QE\0QE\0QE\0QE\0QE\0QE\0QE\0QE\0QE\0QE\0QE\0QE\0QE\0QE\0QE\0QE\0QE\0QE\0QE\0QE\0QE\0QE\0QE\0QE\0QE\0QE\0QE\0QE\0QE\0QE\0QE\0QE\0QE\0QE\0QE\0QE\0QE\0QE\0QE\0QE\0QE\0QE\0QE\0QE\0QE\0QE\0QE\0QE\0QE\0QE\0QE\0QE\0QE\0QE\0QE\0QE\0QE\0QE\0QE\0QE\0QE\0QE\0QE\0QE\0QE\0QE\0QE\0QE\0QE\0QE\0QE\0QE\0QE\0QE\0QE\0QE\0QE\0QE\0QE\0QE\0QE\0QE\0QE\0QE\0QE\0QE\0QE\0QE\0QE\0QE\0QE\0QE\0QE\0QE\0QE\0QE\0QE\0QE\0QE\0QE\0QE\0QE\0QE\0QE\0QE\0QE\0QE\0QE\0QE\0QE\0QE\0QE\0QE\0QE\0QE\0QE\0QE\0QE\0QE\0QE\0QE\0QE\0QE\0QE\0QE\0QE\0QE\0QE\0QE\0QE\0QE\0QE\0QE\0QE\0QE\0QE\0QE\0QE\0QE\0QE\0QA8OD|h~p`g6kH	5|E*Wn}˧Nu%w\r)7u6kb(\0qY>67:9\nd!r2G\0y\"Z\ZrVJ1mIn싧NS%֢(u6{hnV\0ϱ%$tifQEP((((((((((((@-v\0#?W\n\\oI7(QE\0QE\0QE\0QE\0QE\0QE\0QE\0QE\0QE\0QE\0QE\0QE\0QE\0QE\0QE\0QE\0QE\0QE\0QE\0QE\0QE\0QE\0QE\0QE\0QE\0QE\0QE\0QE\0QE\0QE\0QE\0QE\0UG-#cxXZ!-jB(EZLg_1[[SCn.dBM,eE台+nZEßkrRT9\nAT+7Ծ2|^Әͦh0i/\r%|˓\nI$c,Rp\'w?[zCFGmJi][g\0_j-/R<aى)o\Zd+X H=y5N𵮣%x:6,a2cdq^ʳ<<6i596)=$mg0OqWN*->I{zls\\Ə\Z_tmOL?f9$r\n:WGi\r]&gg̱+rܜg\02qQ\\C-Q\'$et%mj2\\M\\;AmӫVKZmr%6w\Zy+O־}V+AOhך]\'SrN^J@K/љk_xoiL2hs:;8djB_sW4ai*pVwmigv7qj<Z.I+Y>ɽ6g\rc>́u#=*qo^9?,>!:Ud\'I,yfFRl0Ew~16fu%м&U8aA\0sں8?ЩSQ|r4#۳rw;Qiŵ3kd-{Fisx燿h߈\04\rme\'m9s!_KgL*IǛi&_U>Zn3[\n\ZJꖫ^M]E+8((((\r&q@E&\\\0(\0(\0(\0(\0	!4\Zl#ǫxZyRv@peʿF9YvALN65]Kͨ?3ZT\'Q7\0z_K/tk\rO^t$\0ކ־)<UKG\"qsq;\0gמ)>4{GGX2؆K13Gr	9TS\'vުKMlm]Oyas9Zh+;uY6q8 񵦈M<LݸR}X18\09~\"W%Mߕ;\'oӔlWQ[QE\0QE\0QE\0QE\0QE\0QE\0QE\0QE\0QE\0QE\0QE\0QE\0QE\0QE\0QE\0QE\0QE\0QE\0QE\0QE\0QE\0QE\0QE\0QE\0QE\0QE\0QE\0QE\0QE\0QE\0p)iw)@)F1jw y\"[E`L]7w\ZE26F|I=SZy.]ʓX&F9.<?xrxS:֛/4tD+F(w{W*VE:qM~-[N;jf8,.kT)K^i^MlWiogxv}9O_4R}j\n5ɵ$ddp:qԜFu#&qm;6WWN]h|X3qOG]O3➕e;rI\nai\'B5w_~v4O`ԗJ{ŊՎ0O rBޭj?S/r\\ڝn6ݧ\n)cs5*W<ܫV5a2KWDukv^ǍZ58Qg\0d3o=kg)u\Z|h/\Z~bEAJ@]dn⹽C\n#ڴ뛘 R=xgpkg?(L<O]:=;Vck\r&a$.+bqrjV	hݗ.Ziw{˳IXiŲʎJ3S7֒ӣ[Ǌ\nw|vuhڅ|oS#)8\0d=\0w9\0PK-Ǉtmz\\?[\0~\"x페-/4%[!8ǯ|W8.YSM|[+GeXa&>d}~\Z%4]JÞeV.\"Vn6Hqz?io|G\"IILOG\'(ީfxđ]xPB騒nf8\rç|(`\Z4ӓ+m-mw{kg}u3\Zdg^4ԪY).iho{|?VwM>M{Vc*A$ \'Gb+Ag.>t[%]NNĮcxɬߌG:6kmn;@%qkጝpY:w㽗$Rn<=v#G\rww}o[=[YZAѧ[-FL=޸9]\'ߋv;uYZYy%F| \\;cھqg/k\ZlZڲ*x+/\'s][H𦣧޾#wj\'N9i9`\0>\Z~+6I*RKݴok%q>*g{\\+~@Q@9ǅfvM\0-EP\0k_h׎ay!6G8J>*E[#!$p*//۬\03} GPCT^8\'V3\ZrTOvꞗOC\\b8sE\0L<WROzNam!\'o29<Gr+j^)}gDg(̘S ָ\'⥮p^u\\^,Z|qJx ?(cz};nuAe6@>QOe}JUԞ_amy[Nk^]Ybh^1wQV_oδHʖB(((\0+珃A|X,@^3%Ha f}9_s+o/8Oah]:7[i,m^.kc\rQu;lӱ5_U)s^/7_\0k{>\Z\0X-toegXb$$88W0\Zޱq;SErc[\rXJ:Q>65vAgū;V	tul_Vі{]FTKF.}9N\nS^by5ss\rSyci]Z1UٯSn_&~cJU9v)G\'W_[XUm?Lwd2Ę*Եە4KIs8KN\0T8,(\n(\n(\n(\n(\n(\n(\n(\n(\n(\n(\n(\n(\n(\n(\n(\n(\n(\n(\n(\n(\n(\n(\n(\n(\n(\n(\n(\n(\n(\n(\n((xitR)Qb0\'\n8x\'](_߄\'\\ӞJDV0vc\'i)W#G:֨K B<˩;\"\02{SrW䯣}ݗEz޻Y_v%OK~+|Cmuh(tpղ@SWǿ7\nº$A-|eUsijo<X<%YţE][n{-\"YHp99 0~ڽկRY;JMλ*27c`|6cb]Vvr[Osѥr\r<v}x~I=%%V/G{}_oSԵ#Y.ĕkO?윑O5D>\"|Ew⇗·?&n^96;I\0fvw\Z&FGvK41z6[׌Sx;+aYVco	dJi\'M}0|^#	et\0NkkLymcP:fhHJ2<y9өkGm		}-NB#ih	R:֤HUcUP\0\\«/~/sCy2d(aI`3g@ʟJߣO3xl4q+kn㳵۽l	|;c߽7\Zͅ:asb!VVDZg\n{^៍-ybC;:$t&\0kpi_Dm>^ur6Rv)p0?xFK1)u1*d<G%*8kItOھf6#VyYeUl+U1\\dL~){~=_rΥkK[7pȲ+0+R1\0&xw7\r:6P@$r9>?BaC_CJq:3Βsf$%!nK`U{Ha\"I$WO\\}ʰf*rm+rq|zUފ/\0x#׌ԯYO	Gэs&\0\n<\\-u]v<?t8E|wS?k=#OmYZVlK&ܝ;s}\0\0F\"Y7¨?2Ʌ}E}\r_RwѥIk#&a(RKSVSM7i;R鎱 h\r%o47b[超HnpK:tǰ\0\0\0O+-gLgzrt  j+ʽL}Vrʭ-CU\'\Z0µhӺJֵCe-iff8\nRM|XR<5>%-\ZygtrW=<?\no\'?-xRa\0Ylgbe8\'#\'Ͼ0]Co^@[qx$~<וUl\\\nnnե}eiuˉԱDz߮x\npy\Zh$x老YtjZBI\0T4\0)y{\";1#1^m>\r3ú,{m:(\'e@\\qֽZ]g+T[bWyqסΰ5Vꢄyڿ?*dhviJi٧gg3\0W?a|;xs|;+y)#nW\0\0n-xp-2,2^(ߥ~f\'+}~m)Cz]G(S[6CP_\r^=1nXDv vy9PB0+TRy=NXd(]KM.gѮ^\nyfytd\0G,#ۄg*q*ls_fҫ\nU) Ԥ+4PjcOjGHwM7o>b\0Oz/x\"/j:}S\rx)I\rp:vkU+Sne}ә%}sV%iiunϧ\0Լ;5xnIMO,Z\")GrkMb+ZsȫkZ!˕9k`}&񾫫?\ZV\0x`8B;95<4ݮrQ@ے@\0̲yʖݤ?FN<i2i;#\rhԭg;[Kw4KH)kN`(\0(\0(\0&!Otτ_Vx[Qwy؈G&~_ixS\Z.yxg02xDxK͍3*NxL|og1S{{9kK\r,^sQu0RnֺJIkոy^$t;o\r|cf_\Z%tIYIGd^٢?m2iǡ:-ƟCr݂ȳyS\0rH=׉h߲ɪk]\\/6\"+rMQwxjK[X~ij.rq®vvUUnh.ZurL̸:1\nW^R~x[_ԟ-nޙ_f;ǖ\'O+rk	fHU-@n\\`{~Ky\"!p[G\rf4ɤ}>\'CsgWIS(m҂%\0od9x]r?w\"?׳C1V%\Zgn(Q]Q@Q@Q@Q@Q@Q@Q@Q@Q@Q@Q@Q@Q@Q@Q@Q@Q@Q@Q@Q@Q@Q@Q@Q@Q@Q@Q@Q@Q@8noցueDȌ2\n3a[#Һ)LUw0dWOOx-~Vf0).Lgĕrl41y^*ivIo_(㋜.$O}/~vDԵ=;S};IwKGw1\0#\"\0PC?t\"*w\0=$\0O@@+?i_\0MG},[eVy\r!ZM@8-]xz8O5RLNi14NQ({RmwL\"ƳS>RRV+0`vE1X~\n(\"qoQv:yC탯:櫫%cmm#d\r9Lxr>a^SVx걛f-PANx^MTSkeW^\Zf8yҝ|]/UݵzF+\rm5E,R49ḅ&Z׃[#V[kzu\'oⷊeK\n/\rl۪4R(V 	 0$|ۻ㏇&BGѫ`1#;t{S`&RI^Zu,!8k5[RSAŷi/[Kρ|}Hde\0r{Wx	ԞЎuÁ:pAfqwzcaT5;)KBhI\'#kN\ZuΟ{70SYNͮ\0?Ln<gWO({OmVJVh:Sq}]?|ZLdnѷWda;1־Z_|*\0_x>DlxQ8Uc@I+oLΚ-<3q41=ec_چ-Z?ItܱEHb*Vq]~=\'rG[IBܭv{&?&~>*{K8-3Z1\\B][Ɂ`@~3xwV{mex}Q(A	)f`8}acᯈW\ZU\Z\"̪krZ7\n~L`WrZ\n$6>pR]JI\0S_p\0ў[ɄNZ5d|7q0Ѥn6KW$բf&aRD.bn&g>е3YKu0X/I>gr-kԵR4яL;w\'0kخ&pY$.I_{xTYݯoU\"?X?eEE;^/\0e55/\0rɥίcX*\ZOQZt2Iĳ3+\'ū\0g-mr$wS{e1W^#\'F8\'g{5tL2׊s5~Z9o\Z0*,F\'$Md~\0-!6xOM9/e#wpr	\'Q<m,?4_<2>xuBڢNX/)./I2º+t^s\\&o!)GMMGRkgkߡq	h&cjp3@=8fovVe~󾫤M;VxZX{\rgD~!𾱩k湥x/E4-ɗ\n\nXǌ&?ԶW0\rҳc{)\0e9V2%&tk^3>l:UXB\'xmy\'ɫ4j\Z\r\ZYc8GhgvL&w{u;V6Z]wZ4zon@W`;׀Ro7JR]Qq\0⾠e[q𦳭K濬ZkiU\\r	==r\\zS_~ +/akbkEpI3m/,\Z* G8<_oCEGZ[i$ᾃ̔%1ԕ\'i4>Kz;=DIgl儖Pq{fX7n;[I*$rs޷op9;\'=t]t]c̳|\ZN+}l>5iEiy8.w$ONs>o~f1U0\0mWK\06P\"IKsddsn,|g,[{o.%8jNOZw\r}RNsPK=K)u^_giۮX\'_~Zc\r:.@Ⴌ\0^e\":MUUavZŇ4ֆ{(.\r0Iw<at|/jy&3G6\'nLz\'xPN\nm]ok^Zv<ƖYO\Z/ʜ^P9?š>ia+(yH~e\0@N:ע2̹FVkʳcF5NV\ZjeQXu<W`)85C^5,1[F8O^+цYm8J?kaend8\\X]w/%\0ZPu-D,p< g/{Wsdlyu-{uic[MusuV1kIq\0|\Z-2y%t[Ut6ь2Lֿc5XѦ\\~WOo\\yJnZY%U#zC\ZKNi>glwz譯e<ELZKIIoIX%׉	N(QAȅ o][,d98g~EHXxú9\r%	Ϩ>^A{%=XZ,lI25zU]gǄK8Jp}ܖ|[9Ma6:M\r+\\	*H$ҿA.u뫧\'d_~_	=?6;i2Mś_õ}UAJ_ppU+ir|\'/n\\v٥ѫ5Yt4ZW92HOƭxȌ9p:gk:dܧ[tkNvx\0}$e|C,=\0_\rxoc_8˸S[%\Zp̲5w}kzݬizΘѩhV*3y\r72ˬj܉B\\,32\nR֩v>/2\nXzK᧡T8ёWOu\0Zl\"ʬC_4Gty\0\nk;\0C#=UfN-81\ZQ^o<҃\'g\\iIXr9wc\Zs7OڗtWM+#D_ )#<]z8jY\'.}3F|ݸ{3hZEPEPEPEPEPEPEPEPEPEPEPEPEPEPEPEPEPEPEPEPEPEPEPEPEPEP\0FkLޡZ\n7FvJ<\r+U|9C:(Dι1j5J\"<46՝:tݟ]?#\'\nYi4G>\r_ŚY$$`0>lr+x\'TMz7pto8pAiujt)pg4H3<~5ר^tm.VֱB4i4FEY#;;kk22VXݧ_g\'B&|z\\ɩY$t8i:\'~+[ffSy2sc</w*^7~Cy_ʽSD\0Z|G𷈼k&k]NKMZjFcu([EyƟgjZ[+֙/,LUF́v9+iR}}{it)dXZP7+F_{kkZݭsnIqW|	}K	t{I\rIvD#\rgrB\\+/ѧıJ++c|}e}<9w[K9Tw!+2rI^)eksj˩\0i%MC+mn&[;m f7$`e{<.>/LЭ4Ҵ[xH7\07:\'[=./̰%HBPݵAn Vxv\ZhLR+&JƜOU]5݌\"G[Z\roMռK\nټdIi9yLw/4-X*/dk6G%t|Z\"E6\Z1HEH*,zoD֞$5o&$m#{&N7׿Jf..){%QQ\0-;M;~׃k|g}[h\Zd)h$.Fc`I$8 WY+j>д멯Y4/;cA\'zDvꚝ0\ZsԻ}Qw\\xRV3ܛ`t5x.K_WKXtn;3E\0ģIMV;.7LY)n~,xsYkƱCv#9ۖnO<Z\'Fi4}iNYfev90pr{~7DU͂vz.jַ9%\nuq\ZqwR~|~`Bd%IcWCßP^N),/흿塉ЧX>	\0߄o<7KmSFuf8Fy=?**!~̾	gav\\^Xs2`!FèW<)C\rFq|#N0%{lzC\\VFU||.|9ޑ<5څݜ|̅Ta<kdԵ߄1N\"Ndg8<s\r=GѼyAx#*c#ҳ?kO> xz\0GK&->H͢[A\\ORk=˱qSu[O{q~-̧;SUs/dލ|OKO=+rQ&+0#0FvװxF}+]Oѯm\'Ȯa i-%J	ٻk85\0?>A$4l228Tv\\G?]|W6u˖%Y7q +|Wgb0e)Od_AeQKTKޑMZ-F1|wmzx4K\"{5u:Imam00\"eT,dXKw Ԣ,!IGpDV $mzj~_-l̹\Ze1Y20r;^/|+RiP\ZF[_,]nJITW~}qMxc{$۲]n6&Y}(ZsTqqWI=c{ZQG~?.{i+E@(wn03\0RkI@ڞ-C0wOBAy5/>3S)G8k͞1Y0Y\'U\'\\vgbZKoy=pMy\0y5v.WdVߧCGč/:PYoEɱr03^u\r_\ZsRy궒-a)EaП-AG5ao|6M%$\"A0A `{gF4#+-^NL¾B=qrlxW_È򪘬\r^2TԓNVtĮդߐx#4b\Zp\0#`)aӷNA^|t^0Dg4(Z`wwF6b%_Km~bIC?5*IEQWk}OJ\\=eFx)RZ{[i%N;\n>)%S!JZs?lg-Ht,=vw!⾯wZ=h%f\'&f>`ګ\n#LOױoNJūW}kMRn<S6]\nX9k^\Zg#Xw\\|@^s\rlr\0S{+Ƽw\0YF7\0@}pv^ чĜu9U|\r)GVQo{k=w<ŪyY?fw/xⶱrwzOj~+|X	X^=mKrH\0dc֥_iz=xlq@0¾\'ƿe2߼	$9vO5c3Qǒl\0qfSPQӧۧ_=O>|od	m:	y,ǶO*y2s][nd\"<psھvgoSLiK\rٷSJ~|:b[:/4F\"V\0\0vxvi/\r>gmm-[e&f˧~־\nS>i!3TG9=x|YsL8v-dF\nl#\0u sxe\'S2X2L\r<kR6\ZXU@\":3+8\'$RoGgqާ`8+{J.֩~)X]{|;Vגhl$I$VBU]_~<.-\0Pg+~~ОwçSM15y8๸>czV\0OIkDZ_&! 6dq_&&T0*KFzg]{m}fuSoMPmEQ>;WqpF?dֿ\Z;\\dheP#gP\0$_^hp][;W&+/Ȩ`pPT)I\'g-F.:qiE;\"O[>3~οkoT8Cs۩܏G[2Rl`<kcC)x1\'ֽ{/Zi/H@@t/8\0^	M_ZfoX;ac c =kq>П$%Jwvzw׫Tb\"(TQ}얏V{ψS|HӅΚ1\nvIoN4u+]d}0sq־z7/Myy&۬t9[z8\\7DGVcگ|xo`jmz%hjYQ#:7WPk9ԪYwiZ1^>\0n۞ʞ,JsIݤ9${M4jX^Mi̡Z(P<ezׄ(կ.fs1$䜟z.$\Z:Hel.e`uS9$\07ŋ?\"O:ˋ;qayR=:z2_8*VNI_ᾩyٷn}>}|MpgQp%B=I{VN-ٹ7ʾw}\Z\0ÂLg5Aj_%Їp|\'@% ;0y8*9\0=wE5oXbH޸~>(aiJ]DP1ÁY<Rqqw/yݥ#-\\.=b8pyT0SNrV[9u<YѬG̏\nyֺh.R0Ѳauπ>O2YXs8^t71px\0\0\ZTsE8G$ӌ^IYn?)咛^ʢWpsEEev\"t*ZUaV\n7tifQEh (\0(\0(\0(\0(\0(\0(\0(\0(\0(\0(\0(\0(\0(\0(\0(\0(\0(\0(\0(\0(\0(\0(\0(\0>&7 \\H*E^n2WM\r;;̗_l|)Cd{97?\nc\rּZ[G.\\iW&ۆʑ#\0<{\ZjkS?ZԴhd݇<m#=> jc7B}?i8N몺׺v~\r~޷NʚYڥnD0a*<?eh:<;Q̷ڞ$4/hJ fZ!g^,rYN捗\n<#0zZ|;]N+o\no.mc^kV9+5knn_s&^RэNw)6+WGewd{?_#\0/n_ŧX(凘Y;{Z75}ɸ_t	FS@=$%DPG\n\06N9&+SUi5mGp&}G{m3vZmhOu.wOB(|d1k)ѻyTG$־4`8s~Rk;$$m7	*_Y1XH1\0H=0U0$JJ蝝ʏVi~eW?_˿>-(Ծ\'i66ȿDEϦI|a7~]vi3\0\ry\0TG{&~(,\\סk/Nr@+ep\'DOHEweAs9w;OFROآSo C+g3BF2T{ԟ\0b<;wUi-dxn.~SS-؆?xŭNK\0iU1@dd_\ngG]>Z~Ps.p+ÖԶFJn|7q,d5Kmz\\o<Kb#kEMevnJGiz_n|askzYu&k-{>x+_Po!YdmWo\0\'xN{eU(@c2\\Pּ>\Z\0Xvj4v6F	bH*ĖT\'ӯ4~K\rpi=s.+C	`PK(*w5o5k/JIs] \0=zu?V%?fVC&/%B\0\'~^\03s^37Umil\"Wbc?,Ƶ\Z\'oxQН7_7Տ?x_PIi{-$ʌWr_Bx7ŃR/IC)Z@s+?\0\re^kЛQ2RyRy ώ;5Ѷ$:LOsc==E}EV4m+٧9|6mVYFRJݥxߵ?CsfeH.|>և_w5_]+KHF\0\'8 .P!لPq8c\'\0רx/մ}*:O%­NP_/Ԝ85Ÿ\Z4EպWrumk]v>gqm³x,/\"KGK;>5w\0gρ<E\\Vkh,ݖ1c/_4Fudݭed@۸|I?g+p[+E,;>l $q;/Pֵl_k7:3\\ڴR|Eؖ$v޻eɪifڳw<8a9.J$KK.{\'w4SR}Ħ^AIo8q$Z8!x\'\'cl\'t1k\ZM-ģudO霏zFkk\0[&Bs࠽\'vJe{]+&~ø*xs*4ͻZ:_K{&w1ϴb\\28+G:.R֜{/e^{EOX̐euU䏥}wmpmGq\01లrK<G[SPkѽn\0/j\',R.+w\0|4v971\\e9k?ͫxUBǯ;+5>kfk`Dۀ3rɪؙ՗/M&B+M;6<?\0_xkn$˫s¸>~O\rZѠkw\r=}!Y	W֟QOȺkM=5m!M|\'ڠ:;ײ~M_ES_/YcӿPŶM?\nBg(|.zq^e՚i[Di7V#0{5{4ܓ։+mNɞ\'Qom,TwcʾლuE=zmNؽWZ68gQ~$Eך=	+-nLl@l\0t#<`frBQť&O_uowTfp|Iyy4um[=\0Q/]D\'(998ǥM!śhF)/F@n8x[һC6uq&hcNZ\0>Ԟ^d$+n6<1ЎbFv?.W\':2N66wsl),- G-\Z_$Y_6j#7e=\0\\rX\0rj\'ចs_HmbҒXwb1|_IxS-bIbf`9+pXN8B4?w[;]ouDr|WpP\'N͵g_Own\'6gE;asW52Oıj2ev˓@wrqug٪vͯ嚉,f\0[i:NO=3\0i~ӮN}tvMe<ݤ\\1K2xڋ-\'8/zOD۲Pu^$7}C)pn_.Qjʛvǖ~ֶ-*]sÚE0#A?5֚~2P5is{Wҿ\0bm;\nuOYk\Z4=Wmm(2)=>\\e:v]\Zߠ}/V 1kNџ@+~\ZY-\Z5&4]޷x<1F][O1Mw֧Y\04~3u.5U\0PaTaI6:3_\Z]ts!ǡ<ח~߱>qXX6D9Ǔҽm9kDpDVg	ZxfPSu9t.~M*8|VwSbW/o\Zh?.|(sir?\'޼&y\"TM\"g9vf;yݝh\0zW3cu}^;N+rb>U_p8>(R?L%^x]m}A	pN=:f24)MMh%^ڻkM:`ETҊݻ2v.LoɫjWPfn\"2&QOqڼN,|%{0~OԟZ&w\\x~.9[Jm#%I\'k/◈/9.V%KD\"<\nG}Nk*c1	8SK7&3^3eعƃv撏3rwzﺷs\r^\'.\nIfv\'k_I>iKF&mkRw%cP9?/Zk{\Z\rǘa,18V;3?ǨxZD\ZgU>+\Z\\\"-Yi[\0?/Ś$M{InݴKw\0?Ɛ%Ş̱^L\0l?x?$oƿ֗mgIߦ\0$G\nf\Z_>,eJ>Ĕ}ԾpnӼA\ZC3]!zS=F?\nNU8Þ^GOWbV]Z4{ewᏁ~F\r.$o޽Dц^\nSuĠ#NND:r+Ǝ\n01J+kKerMYNo]>)09l]yG/wˑ^e?m\"ϑUTVWe-nTG%+((((((((((((((((((((((((3GJBs@?Zˮ|kn1QI$_1	k\0:[C&c2F3Xw_h<MW͒2f?5I9i_5\ZO<N.b;\Z㞛Als+F6<-EdJ7\'88u<tq(S]ڻ]<MzYӵQ׭\08]N6zt8X^:qܵ-\\e]:)\"5}bQOGY.&*=rK+h_Yr8\0֮ǗWNq>\\tiBnBYdPlCpEt`}d}jmuk\0wxhx5,2.ّDPO#$ׅ~>3>)|ziV,Kg6-#\"4 08[Xo.vGg-D#%v0	J\ro^f\ZCϧ\";nq`iPK/\0?JzO)GJj6i\')YGwI%{4JI+)<Bu+$ZLvD`Jo\r鯧Y,{xP{WS]mIIiwN=A2oWyqx~Kgi乌\06qԟA?;X)ܬ\nC\0#bQ2`hbT}of_8˯~!Â=~Y 1I<9_{Ik\n<B\'Nc;6Wl2z\n~Zdg@jHeX˙dQ\0sׁ]5$\'JNn\00(7O_\n[H\'\rֻ4w/̖6Oz8?t@hk\\vFQeH!UvL\0`F1J^	VXVZwsop`?K輑\0Hb4_iwG_hV;U\'+zq_Ӥ~\0\r<=|ԈA AB+{Go\'O,\0$=rSWLVd(&i>fW崛k>\0\rgQFbi=4VOGun+SFX[8\nG\r?AsquBIj$Help=I؏◃\Z;ɒZYTm$7In;ەf$HgwGh7}_\n.M$kKG{s,l>$nY#4XhGծnD,\"T]NO=\0lgIUxy5/\0=Mb\"JfzW,.RBNm^mάNN2I?ս)ўԼ-]Swҭ5+{hSnV \0~74o[}Ј>PűV\0}rs_Uk?d;Lg$dVRN|ҿ*ui\r\"{EpC*TJ\r]~NҒkƤd=.}\'c)ZZ]:9ц_r7~|Wm\0\n) w񄭦ntI$+p=z9ʿ5o2@*T<1M#	 +c9-Tg;K{h*7RTiZK]y>\0|<A|E&ِŐ|\0W>w4K9,7q	>\0꒮3,s\0A𬮥Kĺ#*FXO.s\'׻l/uU\Zk܂Wik~]]OU8{g*snW\\־ni{lz^_P隤:^j@؟R~G~؁TP\0\0p=+/xW Khvb;Y\0!_\Z>%vǻA_caLV.\\UݗV䬻qlE]wr_\0>xXѵmWM׭6[k8k؃0L	\0p7_(GY$Z q\Zr	\0ϔ}Cdھ?,nhZoxCic\\R\nNA p0\0kO\'\0şPũ[DZTѭŨ峺Y \\\n+JtSNJ6j^)>gRUpvvn>OUw~\\ҵA\rZk0Φe*,+3zNXߌ,|3gPđ-󄤜m%27\rc\'D#I4XB-\rw78\\+ 3.luSZUN͗\'䍽N\0Ϸӕުte+i<.xTB&{h#J?Řeռw$(U&3n0784\0>ZX)TC8H$@nGTg$rO>#ߍ.촟:ǈ-cF&lOҶ?>T>Ե[J|Ai-_ %޿E!Fʗlޝ4[:_/NrTGNXYiN7OEkcoKm<!2ki3|\\mɐ>j6\'+fI\ZxΑdb̠\0292kφRu_iU[;sKt9s쯫:$\\x~$o&QsYĆodr:Q<<gzq[rz-_*{-f;MO+NEvӻnX\0c~vXu@յYdf\ne~rz|A;$F81;;_-K!#`%ÍզmN\rO7*)Qi\'{m+ijxb_謬|=oCHG)3qbOɎhoM֩\'\0ƗQleΥOpkl8j8zodջ?s|+a=d?1|XBVrVɓpkܯ1j:\0mKIKk%kD0 d`VEi\03W,,5[g6>n	{#Hl5]#|q#\r|Oey>y_F-Y$|-=k|/{S~}xz>m.TU΢綛E~_-*g_B tm\'{ӏ>0[[-~e~.`6l:8xOB[f66y唑0.T9k<7/my-*>o#%}/p?z#x`8693;]j|Gxyh> a:ԣ̔RqUʴZr䪤̠j>9szqE8<d9<\0f\06[_ZCgvG +|Q\0NNN&2Ccf$	ǥWeX({}( 9M}\Z؇TdٔZW?(dYM<Ny^F$ܭAUK^wo?kƚj1-m.8pWr^\'l}K$sÀz*O_Bx&]kg[H|FI\'_>#òڢYe\Z@sH\0uM|7(t#ԟc\"b^*p}M)5_^≤ľ$5e0l줹qǜco\n¾cr\r#<4l?ry|Ky[lvASrurJN^n[C9,j8|Ut۽ڈԹ<(I5=XD\0?Zrod#կZUhbjf8\'4ZپoWl\Zj6Z݅Q_N`QE\0QE\0QE\0QE\0QE\0QE\0QE\0QE\0QE\0QE\0QE\0QE\0QE\0QE\0QE\0QE\0QE\0QE\0QE\0QE\0QE\0QE\0QE\0QE\0#t2_|Kkx	ZM-۫<s#\rzq搌PoNEROumoc7>vIe?[=5xwĺc[ޤj1*Sð c?2\0f_bo\ZTRVF$ȿچٚI0\Z~R3\rX3ٻN?JLզڽNf6+3Uv<Wj_֣7֗R_RY剀\0d.kWl.>*6֍`[M\0hRY#$YQJkKʼ̿2u_$ӭn!-aQ>%U淋̆\'\' \0Jŵ\\NZ\0iF=˟?tUZݪpw}	0kB^\"#ޥ̠D_ЯutOg^Fx^8\'U%k|>.?my.i(9@d#~y\0Jnuy.fzoo?PEF%r8py9n/1s_^+&X<L9ĉ%z}?W6թ(\'ko/^C{ZXAJMXݽ\Z/\rDbܜ}T+o3^$HAm8Lѭ~ZUs> ׯV+I(M7`vk+;u_]s&4t\0w@?)\"ziCT~SթY8sTb~&zsyw#`*ۂ^z\n=|qdNЯ[.#1eAlLH\'bմ&Ha%HFKg\'?/w_moV[{e̡XsWީۺ_ߡx8TZ2\r^v1?c/> ׾ jn/#Gk#s}9:u[)\"j-qeN[\03}:IHn\\zI\0 `wNtW\'j\'ތ6+沌_E斗oH|ECO+GJwoN\r#3I`ǼWֶ6{,r2F8\0|J\\PI=rGJFs&5EtI~!֮m5a]z/૏4QgE˻}5\Z\rnga\\6Ù-IiMy.~.奖iO|>odl(`Һ;^It`0Y#b1[WaW^ov\0\n|ұ켈,m16[n0U6)hj1QV2mvyOKi\'-bI+D\n.gB\nxg|M9w<G_OpB<+7cOCA|p?xoLaAx4yIz5Q0JN<=wZ֖}FCKaZ7wFm[Y#*MYn899?owOZǄ|Oxz\\3@׋G\0xL.&ƚ4Nnvux8||NS\'̖z{z<>yԌyk%ku_sjOc3xOUG5,滼PFlw[:G6K4rGxom-Z@`5\0\0U,n>h!~({eLgHУʤMܟK㩟e!sOwK<S	?dN,M&{0my:tOǣxOH]r$QX@XK\naLt\r2YfByCH <>5Z@\0\'-ܛH9($O\'$z)`(T\'hҒ[ٮgw6$uy8\n7m}w\0-tx}7O֣FR[<eX8O9X53\\03e<.O#ԍ\"+]ycG;x889_\n?nmdzV]nR{̡1?ޯm*ѫ[m;hܢ5z;_v%gg_.O;utM2mK{v$d(v}E\\ðSAћL[]BIK_1ӎ?}O|>/%nd1lfY\n\\[r@+4|ھd~\Zx+{Vy.R9BF7!A#2*~h{Z5%[ݶogOFO;Yk\"	\Z]BY\0Tp,Ork5~IȬ׾7\0i{p	!U_(\Z_嶍_i ǫ\\ |S|k\\I=yցOx~CtMIm\0ϖd\'9Rh\'w5մܕ4!k^y.\Z\'`beq9$vt}?xN.e]\"^pq\\HzteDH@\0g[> OcY}csO]y2bW#,Hӽrb\'N~^yruT3QMtwwo_zZη6ŴdV  y*	9a\07Z~be6|\\G>IS\'oM$ۧ|-8gMIm4Szl?$hS4=Uऱ5ld@$Dk?z<vv<]PqM<m,«q`_	,kg}wL f}G_iumr)cau#¿:l\'ƯW}>_2)Vy\0rq-cTԒS[IۣZ_C\ZկxZ|>ǍGSu;F*w^\n\0vy{=dKBF+ל⸏/e|^_쉦r9qpq5񶻾=.pC~\0^	.WNdV]Vz_xYøXܯdﾟܮ{ƿ\0#E6s[2}~ȬIwI\r.EEssRW/kV0MȈ1\'s\n$RMyR8#iS0S{׿~e8,Ec/mU۵曷dC?jo?V\'Uš\ZTʯ`z\0UA;ΖyJrYɒyiQi?%ʺ4ʮ$\0	8^k\'	>x9+wUܸ1ĊH\0K&2l22Rqs;>XDܝRZnɜ9^FG^Zqy]7Ï^x>KhcIm5ŷ5V\0o|rƧ\0ӭCu+uO[X ۈ#i98Oр~م7wqVK}<6mkZ)ɪroͫ~((((((((((((((((((((((((((1DuVe\r!yc\ny<>\0٠ծF$-*sleZt!%<\nG>k<]~͵	Hx_~S_\0)㾶j `T aFx\0úKhz\r\\=	\\6n\nckɿiCM_E薋ǰGǱu`Wq\nY<:?߆-rOi?ξo\'[R8^T\n<WGXZw.kdaoԁ!vk\0^M\0r	Pq#?56J3TEV}F+Y~1꺟u۩V4YjF}jk\0ړſBOI\rn$>`8lӧJUU<޹3[xDE[FK\r*~EU2ץ4\\]v7ɐj5iھ<_[ZLѲc\0nÁRkP7dǩǧUԠT>n^FS:R9BzEҾ*h9?zu-Ig6[Au71`9\0+ϵ_Z+X\"#drNc\nbrItٟv@;~0^5IN}KcqRKVRjɳ5[8^aVtF\0=Q^3dpp5^\Zn7X\ZWbQ{(2YF5ۖٝԔǙ_ud>\'*AQk<5}P^gwu{wHR0\0t:\0f_&5^Q[Ekn\r@ڙTNrxֿSb$]Zj\ZJWI%^Y.\Z9 Üpݫ8/zTpyƫ1c;?f{MBDO|B2%4[UE9=|3IG^53Gխ6i,u-Z/.gd1p0	M\0gO/Jׯ/MR]^iL/1vB6ewe\'ZbZi6tw趵b嘨9+guik~1ȲN>*A].|\0>Ge;ǲ.3Fzҁ]KF)9[Kd/V2xOhtn\n(P(\0(\0Q@)ih#4ii\0\Zu<D&ShʨpDs1bW_\Z7͔)ayE!A8=N:s%/%ee-v:ARѾ3=_\0cAK{\0f]Ln줉Iۆu\\yJ\Zh>˔c+?y;IIɴMcl;㰔iFIN\n=eu<z_k趺cQu)ŝr!.y\'KmB(|O1pƍ:v^>du\nz{һOxMiQEH9U! ;{~O\0\0_j:lzȿc{vHtymlifKO߾;xJmީ2XJė#e\0[Br+ռMxgBQ!U91zg\rυ<g꡶=n uSD?Q]Ɵcaj\Z}m$JPbG\0J,Xz׶kg~vCN<)4~L19bҠ8F4qdk\rz(QomH&E4L=GB:+\nZeim9(\\X`gU$65G-SKeASU(&e\\08j0|wRrI]{Xsj8^`R8RG=Jb8Ҽ-uif\Z8#d#d=3^\r?h\0OEmx]\\X^\\6\0&ݜ<Rd\r/ǃm4\rGi~^Cܒ}?S_$yev5u9\0ui։N#CN׺u\0}?wËi&U\ngv8$>JFFMuY\07J$;dSeæ\ZF\0kSPXjkP֫nόr=F>]??eÚ6.B\">LKI<c\Z?gAj>\Z|}_Ot:]sX@˂5@~>]xg:D\Z:{);ס+?߶0k`WQ],)㷞?r\\*<!ҩN8)?fbl(>W8c^<2MTNhU}mKj<1qm&EƝDb		\0++Z\04y`\'UU**<ͻ-t2|U}#n_YIɊD#k\0F/_vm@q\09?2m|&t\raWz<1tA#hq\0Mt_\ZYh>4Ԍ7kj5g\n$+Xw!HA</?I{hA{SL4o:_E\0SouRTג3eC*qAI{}|g[#c>\r>xqw\rKnڤZ00wDљXr}xW(Q+1<AI7tmMYYnIݓGzlX4y#ko#_F_(m6ۋ[1R^@2V*c#*A?_|g~\rkk$*(I ~Hf<c.{}FMCO8\n!+:q^iC\r(I$$}`rd+bsjY+v~|(c{ᇇ<Y&-KdbG<K\"m$n8$dk/uB>\0WRWº\\\Zb^IX\"\01өһ\n(0(\0(\0(\0(\0(\0(\0(\0(\0(\0(\0(\0(\0(\0(\0(\0(\0(\0(\0(\0(\0(\0(\0(\0(\0(\0(\0PFh$&g࿃</&2k(]CNQosfۗQ3_Ijv#SӮ-bx2 ~kߋ߲ma|9[.tvTjr*Vq+&T9%э=@^sJ4ajrRI;ri>_6W{6vZߓ<gA\0IGḄ?ݺ=K|;xc[igRAH,W\0|0ahΗn!XfcxQFv\n95F<F3MN;j܇b)NP⛳~=@h©d >\\o_jbO\"NyUY,nr#g_8rQ_\rw\0:U?h?Czn@z=̧oPy^.jxu;yoҚr`y;cZHab\'N%F+%U GG7kW^)]Gqqr>H|:_]|,\0@x#j7Q*i٣9_^1O/7\0%e b?;KZkh\Z|~mL	-ˑ84\"fZuK\rgHO2u$eYIGZ%4?Pdxax4>mt2N[DC(@{h*OQ[%m+|>u)N{nokt>j^\0hoڳ{Y}?\ZL $\\Hl9PM?On/o2M$]N.ĄQ\0&ŉ\n;WDW.쩞caun׵\0 (gQE\0QE\0QE\0QE\0QE\0f9Z6pG#3(chKOɧi3l>\"\n\'f?ڛ0좷z]x㸈`#]#4\rm#57z,mykq\ZU3[p@Á\"_\"ПF_uIMQe׊)[!s_VslkyǭW+\Zu-C{]}w?\ZxZxi`y (^䓌WWPN/?j/aR֍b/$g,GU%<~8|<\'1B/yf@r9//Kp7mRc>ns<;1Iްb)&js/\'顚`)$hwwwx_e;/xcHHr6%FYsw)\0:Ŧj!}mi-`a9|/WKBGf2[Ku;}H3yr98ut[]!\nBul+\'G&kRW<GJy<&χ߳|ݱ,`o\Zx	Ib#AP0<\ZZYEFR]/%d|,)]\0qI;ḖRx0X\0h9\nk֘4j)4kFƕXԔTig~?O^}SQ?U_ʎUtwd3\"\0p99^$q,J@U\0Yj|,(jKY3eԬ]Zu+J(rE۷\0^R3Es_wB˩˹\0`+u}G|9\0xJWWpv%\rW<;+o5N8{j=Ѩݓ!ma֛\\{!mlݝYnf!@ۀM?]~%\0A\04YU;\rHX~~1xG@{kU7<Uo4j^<\Z7zZs$3xR4Gʻ!U~Z/ͥ\r-vvK\0D/?\0_$7A\0;C5կ,o۟>;=0C$H]\0(<WjTZc54NwZmF܃JsZ){~nǧ\0/\0ʏ]%\0A\0tYW}\0%;?\04^[ki$71y\"	BUqǢF||זĺ\Z\"yTFU6r!\0Kv__z[B\0_$7A\0<K\0D/?ϋ¯z^\Z?5ZZh[d0yb>\'Ri\\(_ׇJ|;\0/jo@X\\,	4ѻ>a1@>KK\0]Vת_Iw;]%\0A\0tYQ\0ĿH>\"\0n\0*<aw?caūi]l3u&ew4K!d8\0ڞSx0li15嵤s\\U廇r)V$ڏVO\'~w\0.wGa\0ĿH>\"\0n\0*?vx_\re^]{\0=yi?חSxJR#g;as`#+q7vC!mko(íj{ixtȴ.n4k[bmFdD|4qR\\}z;]%\0A\0tYQ\0ĿH>\"\0n\0*\0kXCмQ+_Gij^4I<`U;nʓ	~6X|deM6Q_vƒ(`C#9.e\0ZEo]%\0A\0tYQ\0ĿH>\"\0n\0*/|yvfKhZ-#:Ė͋$*[Ui\nB\0I!so\04rKYZ^X麌᳈!5a(;FE(k{/٭N@z6i٦]%\0A\0tYQ\0ĿH>\"\0n\0*m;Lw>6eŕyvrZx~bh6\\OIO4WfxᦷxKN4_ɰogwDI2 10F\rEuvWk=.&]]OR\0_$7A\0<K\0D/??\'7~o\niڨԼ+c6u{6u-S7O4!Re̊x+{nL15ribbKFKWb\0@Qi5\0;\r~ί\0/[pJtoy,q^%_Wph\"6$bmP_]*6.enqHI\0#:RMXQE \n(\n(\n(\n(\n(\n(\n(\n(\n(\n(\n(\n(\n(\n(\n(\n(\n(\n(\n(\n(\n(\n(\n(\n(\n(\n(\n(\n(\n(\n(\n(\n(\n(\n(\n(\n(\n(\n(\n(\n(\n(</i_߈!3Gמњ(\0umGpjg7sſ㋯h+_u-N$S:;<:	dUDrT;QoP\rh#̱uM>ln*$S8\\\nOK\0ߵ[h6\0:n\r\rU$WV]Ś4OF4דHttX;wmPWS\"?ǇukT,!HKihX.m*Y\0Ý<	\0Vs?\0{hٮ]~MA[uuzOAᏈ:oo.[9luI!`H&y#f8ь2G\Z\'\0b	i\Z>cMk[­q緙\'#Ǜ F\0J\0Sc\0:x\0|O}\0\n}ˡ\nV_>\ZxOOfrFuk{WKI;yq츎U`mh9So\0e\r6zF\rئ5}6ՄEC;Kٳ,-;J\0Ý<	\0Vs?\0Ub&ki;\Z~2!\'_|JmKEg\0XR%XD\0.$gX٤b\0]mɟ⏊/+H<4.,k˫Ev2ٙ{\Z?Ξ\0+G9hU5릾oJDoKg}\Z:x־\Z|wB)/QĐ5$(_7`v?.ߖ1h`cu\0kf3]G]7#`zcnV9h\0:x\0|:{[$_մ~-އw:e̖QY4QH`n\0(OƊMM|/Zim,0C$αeyP,q\nΞ\0+G9iBW{u쬿\ro->GY\Z\Z[ֿ4Y\0Aȥp&;|ß։gO~.-lmE֋+m6]ZO-0OÝ<	\0V׌Zj;q}\0[ܻ/?g;:ε+]?Zm\n	`\ZvunSK#:!2G*#+Xݟ~˺_|Ok\Zƿ-WQfH khVms?\0\0t\'ZQQo/i~57<5i>ZjUch{!Y_t #	\0iZG|=i:@L<rǲ**ȻFsÝ<	\0Vs?\0Ӎxh}z?(ָ=MGkmr4	ȃײ\"h\0o{K&r:d\Z:0mdA\'\0bƕQE@((((((((((((_ǚM\0qwNp\Z\0_2\00\0UsA\0\0_\0֝\0`\0?U-\0C/\0c\0[P-\0\0Q\0_2\00\0UE\0`\0?U-\0C/\0c\0[P-\0\0Q\0_2\00\0UE\0`\0?U-\0C/\0c\0[P-\0\0Q\0_2\00\0UE\0`\0?U-\0C/\0c\0[P-\0\0Q\0_2\00\0UE\0`\0?U-\0C/\0c\0[P-\0\0Q\0_2\00\0UE\0`\0?U-\0C/\0c\0[P-\0\0Q\0_2\00\0UE\0`\0?U-\0C/\0c\0[P-\0\0Q\0_2\00\0UE\0`\0?U-\0C/\0c\0[P-\0\0Q\0_2\00\0UE\0`\0?U-\0C/\0c\0[P-\0\0Q\0_2\00\0UE\0`\0?U-\0C/\0c\0[P-\0\0Q\0_2\00\0UE\0`\0?U-\0C/\0c\0[P-\0\0Q\0_2\00\0UE\0`\0?U-\0C/\0c\0[P-\0\0Q\0_2\00\0UE\0`\0?U-\0C/\0c\0[P-\0\0Q\0_2\00\0UE\0`\0?U-\0C/\0c\0[P-\0\0Q\0_2\00\0UE\0`\0?U-\0C/\0c\0[P-\0\0Q\0_2\00\0UE\0`\0?U-\0C/\0c\0[P-\0\0Q\0_2\00\0UE\0`\0?U-\0C/\0c\0[P-\0\0Q\0_2\00\0UE\0`\0?UY|}kmai7,	Ay@p֬{B/~@\ZtQE\0QE\0QE\0QE\0QE\0QE\0QE\0QE\0QE\0QE\0QE\0QE\0QE\0QE\0QE\0QE\0QE\0fh?ֿ\ZӬB~Zt\0QE\0QE\0QE\0QE\0QE\0QE\0QE\0QE\0QE\0QE\0QE\0QE\0QE\0QE\0QE\0QE\0QE\0QE\0QE\0QE\0QE\0QE\0QE\0QE\0QE\0QE\0QE\0QE\0QE\0QE\0QE\0QE\0QE[]ۼN4DRݢ JHO|M\0k}Ë}m֤<=3yK|#j/X5*VdRgJz\0ݟ]?h-?M\0~x|toEH3gs\":Ơ\0+l2Ո2}WE\0\0y]?	]sÞ6y_:5oo:8\r^60Nk{B/~@\ZtQE\0QE\0QE\0QE\0QE\0QE\0QE\0QE\0QE\0QE\0QE\0QE\0QE\0QE\0QE\0QE\0QE\0e6m]iyiwr	Y&i\n$^0zw5\0?\0i@d\0L\0\0}Y\03\0\0\0VMg\0=G5\0?\0i@d\0L\0\0}Y\03\0\0\0VMg\0=G5\0?\0i@d\0L\0\0}Y\03\0\0\0VMg\0=G5\0?\0i@d\0L\0\0}Y\03\0\0\0VMg\0=G5\0?\0i@d\0L\0\0}Y\03\0\0\0VMg\0=G5\0?\0i@d\0L\0\0}Y\03\0\0\0VMg\0=G5\0?\0i@d\0L\0\0}Y\03\0\0\0VMg\0=G5\0?\0i@d\0L\0\0}Y\03\0\0\0VMg\0=G5\0?\0i@d\0L\0\0}Y\03\0\0\0VMg\0=G5\0?\0i@d\0L\0\0}Y\03\0\0\0VMg\0=G5\0?\0i@d\0L\0\0}Y\03\0\0\0VMg\0=G5\0?\0i@d\0L\0\0}Y\03\0\0\0VMg\0=G5\0?\0i@d\0L\0\0}Y\03\0\0\0VMg\0=G5\0?\0i@d\0L\0\0}Y\03\0\0\0VMg\0=G5\0?\0i@d\0L\0\0}Y\03\0\0\0VMg\0=G5\0?\0i@d\0L\0\0}Y\03\0\0\0VMg\0=G5\0?\0i@d\0L\0\0}Y\03\0\0\0VMg\0=G5\0?\0i@d\0L\0\0uIn-$C*6f1rLZPEPEPEPEPEPEPEPEPEPEPEPEPEPEPEPEPEPEPEPEPEPEPEPEPEPEPEPEPY:5E\"K<TjϱIƲ\0,Կc\0\0ƪ_.\0_\0D\\k|8ffz>g6}q崞D!GڀaT($M)I%w\'vK5/X\0s\0?,Կc\0\0ƫ~~׾[^\"XYU𾩤4xѧI4я;Wdz_ߚ)kK?\0jK5/X\0s\0񪫑(Z\0R\0u?\0\ZK?\0jzDUG>\"ԭIuu;a\"QA1$\0b@\0&WcIdtj_\0\0TY:\0\0WƛJCSRӵ]\"HI1mo-dٱ0`;\\QT[{,Կc\0\0ƨ\0R\0u?\0\Z,\'W\0\0t\Zͧ Hy]/hbnH\0Z\0ߞS\0	f\0@5VOM_+y\Z6<J׽edz@9t7\r\0uG_NmH\'\ZRvrpp0Յヅ?\0h/K5/X\0s\0?,Կc\0\0ƫ5>x3Wu=BPO\"#@YNq&noOcC;V4?u8Ao	HBҪ(,2FEWeoe_K5/X\0s\0?,Կc\0\0ƪG#PK5/X\0s\0?,Կc\0\0ƪG#PK5/X\0s\0?,Կc\0\0ƪG#PK5/X\0s\0?,Կc\0\0ƫ,-3Gs+-ݓg]^.dR6Lc`!X|G|$gz>SC\Zv؁A\'+*,Կc\0\0ƫcFƱ$dF\\k+#=A湋;ȯ\"\'$F7)j7\0_>Jm4M5tkEQE\0QE\0QE\0QE\0QE\0QE\0QE\0QE\0QE\0QE\0QE\0QE\0QE\0QE\0QE\0QE\0QE\0QE\0QE\0QE\0QE\0QE\0QE\0QE\0QE\0QE\0QE\0QE\0QE\0QE\0QE\0QE\0QE\0QE\0QE\0QE\0QE\0QE\0`4?&Zڗoٛkok\Z>X嵒8s`2HشFZ=*SS٫\ZRT>O0G}\07Q5O`eQ\"{\Zs<o\"xΉgme,<>Xuq~\0ex+fVq<#Sw{ǽǽk)7>w\0J_ߦ0J\nKQ_bV{z<3?牵{v\ZR@.Ks3e|@ʦnx8\0Ɵ\nxX^6j\rFv縑gd3#YUwooS%\\Z\0cȶM{T\\J_i4r7YֿhO\r5;~+kjCy!I`LoU.5O9xS\0{|:4tT_\r%\\};Iŝwz7z{u/nKַ>i)K_&>=_t߈0i>\'M̚=՗|C}EyROfTRTXúS-|3db9Y?զ{Ӿ8yo;m{xxbMmgSZt[-lsOO?ZωF.-@\0d\"֯#ۙ84~_<w,iIo/ϵU77xKȭ%\0O%̛*\\]ލޔbJk^\0^wZ~[w\0\'e:_?k2^Yi:֔Yƙ[}.32N}:xu|?7\rU=ǆCx><5{_KV&1JuÄ\0\0kz\0lZY-IG~Ծ~#~=[}X|56b-ƛ\\ @?>$Onż/I\'t=CIB\\V:y	mX`.uz7z)~+[kkk\0\'/~\'i^<u-nk?%_L]-4{K%Bwim39q\0v~^)&[ĺOZD\\uXxV,m;A>2Wk$e/xxI{;[K/ZȚ6\0&rύ#~ǉ\0hx<]jP浦/?mijE%fɘV&~ɾ4~2rx5|Sa=S[#C\0	F2\\\Zw/-^D,rnCxx[/\0ͷtM;\0ߚ?3f\'?\0xBK-#zYwXЯAs[G\r[Sm	0rо~ĺ~\rx_nl\\xb\\͋$K,-&h _Jj*k\'ǽǽ\\߭	J_]o+\0m_և\0\rxΤ4\0hemN8&6ƛEkvURz.AE>E&a}+pLG4a^0p\nz7z&5^󷢽ĕ_J؏JNllV% C.G8g>_\0V[\0e=?JMP,TWCf(PQE\0QE\0QE\0QE\0QE\0QE\0QE\0QE\0QE\0QE\0QE\0QE\0QE\0QE\0QE\0QE\0QE\0QE\0QE\0QE\0QE\0QE\0QE\0QE\0QE\0QE\0QE\0QE\0QE\0QE\0QE\0QE\0QE\0QE\0QE\0QE\0QE\0QEդW4S?GP~/D4Z4Pw\"\ZOO\r\'zw\'V\0\0@;\0(\0CI\0^\0E\0g!\0/N\0d\0\n?2h@i?ӿ?D4Z4Pw\"\ZOO\r\'zw\'V\0\0@;\0*͆iM\\\nE\0դW4S?GP~ԔPw\"\ZOO\r\'zw\'V\0\0@;\0(\0CI\0^\0E\0g!\0/N\0d\0\n?2h@i?ӿ?D4Z4Pw\"\ZOO\r\'zw\'V\0\0@;\0*Q,\"\"*\nu\0QE\0QE\0QE\0QE\0QE\0QE\0QE\0QE\0QE\0QE\0QE\0QE\0QE\0QE\0QE\0QE\0QE\0QE\0QE\0QE\0QE\0QE\0QE\0QE\0QE\0QE\0QE\0QE\0QE\0QE\0QE\0QE\0QE\0QE\0QE\0QE\0QE\0QE\0QE\0QE\0QE\0QE\0QE\0QE\0QE\0QE\0QE\0QE\0QE\0QE\0QE\0QE\0QE\0QE\0QE\0QE\0QE\0QE\0QE\0QE\0QE\0QE\0QE\0QE\0QE\0QE\0QE\0QE\0QE\0QE\0QE\0QE\0QE\0QE\0QE\0QE\0QE\0QE\0QE\0QE\0QE\0QE\0QE\0QE\0QE\0QE\0QE\0QE\0QE\0QE\0QEy_S=G\\s-mYN]Q\nc)bIH|A>+\'K\'K=kB֭@\\F!< ElUJ-;=M5tQX_>$	M6\\2E[[êhd\\\r*JJhv(((((((((((*|Sx3IkcRlVH77	!c71s3̠d).MEnER4h6zeiz+qkyg:os*G AJ.-J\0QE(\0(\0(\0(\0(\0(\0(\0(\0(\0(\0(\0(\0(\0(\0(\0(\0(\0(\0(\0(\0(\0(\0(\0(\0(\0(\0(\0(\0(\0(\0(\0(\0(\0(\0(\0(\0+S>+|]o/\Z3ffZ𷉼jhVwY[{֩p*ʒcl?YQRӻkkzvwK^]JMu~W׳~x|pG~|_L	>kgnmGᶙ\rE58ni[KąnYB$ؤ`HOU:}\0^9O=4AxnI#c3gKk孭hmTYݫ)[+mwOsIw-o/x+m%gxte%hdhĊ#\"W)?|F}GT>%;MM<Ip,:Jd1=륫c3n1*\"~%gU)|9&c\\x;ϡY<R[˗kUe	L0\\Yh̗饳ʕݻV*r\\I[̖eˮΞ ;	q5im6i-pnᱞɗ%c	1E|N6x@K\'h_}H7ͨq3K%\0aiZxSii:n̓*%*;tM\0u&Qv1IK_]׉k|GPg> mƧ>^^<=7\Z:xh\'u:~:MgX<vگQu1!Kng]e(A=>kTߝBjڤטǗm\Z|/Zqzi?ǯwAkN|4ֵXi?K?X[]X&jJ6(%e@N_~?\'\04}k_\Zgl↧yeqwaggo4{r]&$g3MPr9V\0ckHniFO~\r+[ou_KYִ%auyj\ZeܖzՄ7ų,bHu&7S8\"s[\ZO|1-/㆟^j~6/,4|1ks=j73Kq\rK#Hv^\"D\r_G};↣kBkdf-TI:C4!dܧ)w8NBi^+G$y6%nw4ۍMdqOVc7_XxKCF:#\0QkSbj	ؿxn.n<IY+d/e~:-(tv|\Zo w{\0An$Z,s.-\n@j{X_x?U=c{_OX:Ge>O[M7KZ䵼ctJ=YI-mf>a|m#x]3\0hxCciNڴ]:X]G$1[UFg\',<IxSN\\Ci-ƞ/ikfd[ʮ0\nqGIC𯇬\0\rAi־k{xcƛܳ@1\'kjJ0\\6WM6)ZP{,#Oo{9C-5}[ZOl|U53K-kq5!OcYleK[;F&NKEp\Zvr\" eY0[+u{lqW\0?;*۹?5̚V}o^V(xKd]||AWD{|D:ubpɵ9\rrI~*xF?~.H<A3[2.ūOkKKIɇo(_hˢj_v}[9>.W>\0Soqj/>ZBֵ^`#VIͶG3LI D(Jl\0@1Z?\0h|)}Mqw\"Ó3롯4adeI&KsxFO]U|7\'+Zie*rj_[hk\05xoӮ,n%Kqxj٭o!u@D2*B62]Je\0}#̇wv~vg+(;C{ww%\'u¿kow/uK\rGm{[Kͼ e;ZvKD nc\0㏆2񯊏4N\0:喷uƟs6<GUlH97AoQMmV˪k\ZZG5i4[q5ܖF,jYF\"`X\\<#ȥ.,_\ZWVp\\Inhk%վZ8.>?\\\'onleO\r̋r?y-iUhٖtHVa _5mgMxj	<]3N|A[jBJ~e\':UI9keoy2k:1ub\\eWj bpHI]zxBNՒWM5e8F.vqK潭Sr^}Vo+i:m6]V_[dSvKj񽼾{ i(ygE$Ym-vxx\"ӣlĚGd97gd+ʩҖGFVo܄=]7iEr4܈jw:(> >us:4߃!IxLn٢Lϕ˸_}fZ56@🇴HYFuXiM.\"L}EwU|:prriMNܺ-YVwNnnT>z\0axXug-r/5[ZhV?G,>XIfdts_BE|e+S{_RC<]v[Q\\FEPEPEPEPEPEPEPEPEPEPEPEPEPEPEPEPEPEPEPEPEPEPEPEPEPEPEPEPEPEPEPEPEPEPEPEPEPEPEPEPEPEPEPEPEPEPEPEPEPEPEPEPEPEPEPEPEPEPEPEPEPEPEPEPEPEPEPEPEPEPEPEPEPEPEPEPEPEPEPEPEPEPEPEPEPEPEPEPEPEPEPEPEPEPEPEPEPEPEPEPEPEPEPEPEPEPEPEPEPEPEPEPEPEPEPEPEPEPEPEPEPEPEPEPEPEPEPEPEPEPEPEPEPEPEPEPEPEPEPEPEPEPEPEPEPEPEPEPEPEPEPEPEPEPEPEPEPEPEPEPEPEPEPEPEPEPEPEPEPEPEPEPEPEPEPEPEPEPEPEPEPEPEPEPEPEPEPEPEPEPEPEPEPEPEPEPEPEPEPEPEPEPEPEPEPEPEPEPEPEPEPEPEPEPEPEPEPEPEPEPEPEPEPEPEPEPEPEPEPEPEPEPEP'),(5,'7fe9b51581f6f88dd9eb0b82212f69ba.png',2,'PNG\r\n\Z\n\0\0\0\rIHDR\0\0\0\0|\0\0\0	\0\0\00PLTECCCeeeɥ~~~OOO\0\0\0YYY444h\\\0\0\0\rtRNS!F;\0Nf\"\0\0fIDATx^OhI\0pLV02Ad61灞s4Y.EJ\ZL׽*X v3WWŗJӒGA0>}3C\Z`4J4JcmC77Ϳ#Z.Vy1HìH0;n99Y(1jVC6-ޜ@i؛%ƤGY#C6-kdOHS731Y.a\Z5BF	1kd0-EƆnT\ZcW\Zn FZZ5&Po)p湑G0T#8\Z%5xmY\\0D{8sP#5s֘-h*A5F/Ujc5ŊAcYhfH#M7Ѕ11xQ\\Ɨ<riL| \ZWr`k\0D[j+o׫`!\r:`HlGVh3HX\0\Zk)FFjA<cp[^g$ц0y;:8#{xu\ZsΙ`iGFucvQ,\rn|GaIa+jhVɫ&kW.QC0a<fŕk1vs؆6\nz#:ǹn,jc-\Zf΃_c[/71?Ηwme9o|[%$6ٗ/X]pϡ֯6yh	v_+\07Oد;\0KĘApu|=X0c)̎`EfXgHs摠tٙ0Y~\nH8! \'p;l`_8;R\0#1|7%{-Nr	HSU`L-_mo_1N#xڍD{b!lcէHfk߸Φܛ}&뉂m$Zgc4FZ0\Z\">\r/)h->4HvM[ۘD6Ҙ\0I)hfc24ƍi6\"hQz1F5f/:HYU\ZQ\ZQ\ZQ\ZQ\ZQ\ZQ\ZQ\ZQ\ZQ\ZQ\ZQ\ZQ\ZQ\ZQ\ZQ\ZQ\ZQ\ZQ\ZQ\ZQ\ZQ\ZQ\ZQ\Z_U0.@T]I2<qc1&|*u2VawD\\]wkyUU7d$rƸ˴MOG^5Kn,f\Zѱ8_0cՕ zD|S6aR~WF;{0HF4c3,QoTM~:#]U77׿ϧU#Qc+޳uT˧^|{ޛSȘ,+dܜS>7}-k2r[37ߺ]T~h:!֑֟-U޽w徵v8f朖6]:(.t\'F7jYQ\ZoE]\"RM\Z#.ͮb#OV83z74%:\Zh_hoh֩WG7e*`ZౌƷsJcT#L_ctcӨ$HꀆG-HSxDcH״Z,ScZ-V{[*s\ZgMj$AsUc$Z00҂\0m<?\Zlo0aqpFߘ#o7&AMߕklMHG!ƞލqߪ\Zyܲ1;1mT%\nΰߨ݉QK0^;rHhDG-{xFg~ƤYNHj.8ofcFMh6ꃍDK0)ܝo?dl\Z.bߕ2*81k$03;GF7&MeMHk>UDAo|kQwaHjE#M\rƛ*o\"[m|AYIZ|qg+ݱWVm1~2:H/\"w@Oʹcavsߊ\r7Tseq^ήO6Rp#ɩUā.͋Kh6UYS`eGnlLla^`FTq{Ζmk,_cKA7]	3fqVΏ[էNPj7Icܘ`<Ͳ~?k˪cGНi^;\0ƛZ>´\n8\\%ҵ\'a/s*r1Q|FҵN0_\0ܺC\Zl5>ʁZnӴk<N\r=ӵaˠ<[F\Zc*hب4\Zcg~Ƭxę8*(1y\\uP㉿1\'Nn[gSP}5-!.1%<^N#hFn@b_J\\nLtj܎q<ckUa11Gb[վ}4iL>?s\"+Hc]FZط;b$xHG]FI}婛spc16FmDUu-i6dllp7X;cvNs`?Bd_irq@y/<^X2f1m|XF5V7dw,~c׍\'اq&; ZxIç7EF? ?)a(=2!8o]DcREnvD[\nlTz%n6ϲ8W*{J,g<KYpP;ֳkgwq_#\rk6Ҩδl?ҞQ\\%<{0~\Zۘen[]l_-|/#:H4֖>otuX9@H~~=ƜÛj_MA%ybq?͉G蠇~+t1\"x1NcYuB^(~xGfoߘR\r6ҨimU۸i%2&~z*w+CS_˖H Z1nO*\r6@AHW5٭좉i/f41 $\\R7+ʳϜt?j(C6V3X/WcU7ꌽCmh	a.Uax9πф^n;yci,ξ.\'bﶃ+hg0\\1y|%밶mYxZq{Xi<7h񒘫*@iƹr4&-ʪSOFi%F(FeB<9,Y7=v	iƥqCQ^ml<4>qCAݥer949/7yvY:\ZƸ_Po2g<fo+^]!Z?htcRu8soaa;(O.-չ?<[G`cj5/CQZS\r8Y\"l;9{lclTvX]~ArQwCUt\01\"#$#ѯ/((((((((((((((((((5mj#?)`ܰJpUμ8hE\\m.pvsa;a7Snw׿8Hޘv٫MH\rE3B\0/ҘuјܷUQu\0\Z%vI4#3EG]K7U&Hsf\0g$K^rHU1ΗL1)ȋd{4{:\\8_k2Ҙr1q-BˉJkONs\')\01S\rQlv&Hx6Ҝ@ЍYިB7>Q/5O!FѩDA1v`k1֪B7xc1|c]A0xc1>+˵Hc\0r/\'6:\'`<?#2sx2z9DC:ӂ1y|e,W1:h1wI+%F`5\nɀ0ot~ HqFGS<auHh(<<Y \Z}+ԵQЌϝD\n+f3Θt7nb\ZhO$gO:cˋQu\n!3O/O$b2=z%r{C|\rA4&۝2:XA~ן*aD#bt94g2fb3Z$r<9t\ZtlZvQp\0HjQ70uɤQ\ZQ\Z4BjH*\0\0\0\0IENDB`'),(6,'Vonny.png',2,'PNG\r\n\Z\n\0\0\0\rIHDR\0\0\0\0d\0\0\0~\0\0\0	pHYs\0\0\0\0\0\0\0\nOiCCPPhotoshop ICC profile\0\0xڝSgTS=BKKoR RB&*!	J!QEEȠQ,\n!{kּ>H3Q5B.@\n$p\0d!s#\0~<<+\"\0x\0M0B\\t8K\0@zB\0@F&S\0\0`cb\0P-\0`\'\0{\0[!\0 eD\0h;\0VE\0X0\0fK9\0-\00IWfH\0\0\0\00Q)\0{\0`##x\0\0FW<+*\0\0x<$9E[-qWW.(I+6aa@.y24\0\0x6_-\"bbϫp@\0\0t~,/\Z;m%h^uf@\0Wp~<<EJB[aW}g_Wl~<$2]GLϒ	bG\"IbX*QqD2\"B)%d,>5\0j>{-]cK\'Xt\0\0o(hw?G%\0fIq\0\0^D$.Tʳ?\0\0D*A,`6B$BB\ndr`)B(Ͱ*`/@4Qhp.U=pa(	Aa!ڈbX#!H$ ɈQ\"K5H1RT UH=r9\\F;\02G1Q=C7\ZFdt1r\Z=6Ыhڏ>C03l0.B8,	c˱\"\ZVcϱwE	6wB aAHXLXNH $4	7	Q\'\"K&b21XH,#/{C7$C2\'ITFnR#,4H\Z#dk9, +ȅ3![\nb@qS(RjJ4e2AURݨT5ZBRQ4u9̓IK\ZhhitݕNWGw\rǈg(gwLӋT071oUX**|\nJ&*/TުUUT^S}FU3S	ԖUPSSg;goT?~YYLOCQ_ cx,!k\ru5&|v*=9C3J3WRf?qtN	(~))4L1e\\kXHQG6EYAJ\'\\\'GgSSݧ\nM=:.kDwn^Loy}/TmGX$<5qo</QC]@Caaᄑ<FFi\\$mmƣ&&!&KMMRM);L;L֙͢5=12כ߷`ZxZ,eIZYnZ9YXUZ]F%ֻNNgðɶۮm}agbgŮ}}=\rZ~sr:V:ޚΜ?}/gX3)iSGggs󈋉K.>.ȽJtq]zۯ6iܟ4)Y3sCQ?0k߬~OCOg#/c/Wװwa>>r><72Y_7ȷOo_C#dz\0%gA[z|!?:eAAA!h쐭!ΑiP~aa~\'W?pX\Z15wCsDDDޛg1O9-J5*>.j<74?.fYXXIlK9.*6nl{/]py.,:@LN8A*%w%\nyg\"/6шC\\*NH*Mz쑼5y$3,幄\'L\rLݛ:v m2=:1qB!Mggfvˬen/kY-\nBTZ(*geWf͉9+̳ې7ᒶKW-X潬j9<qy\n+V<*mOW~&zMk^ʂkU\n}]OX/Yߵa>(xoʿܔĹdff-[n\rڴ\rVE/(ۻC<e;?TTTT6ݵan{4[>ɾUUMfeI?m]Nmq#׹=TR+Gw-\r6\rU#pDy	\r:v{vg/jBFS[b[O>zG4<YyJTiӓgό}~.`ۢ{cjotE;;\\tWW:_mt<Oǻ\\kz{f7y՞9=ݽzo~r\'˻w\'O_@AC݇?[jwGCˆ\r8>99?rCd&ˮ/~јѡ򗓿m|x31^VwwO| (hSЧc3-\0\0\0 cHRM\0\0z%\0\0\0\0\0\0\0\0u0\0\0`\0\0:\0\0o_F\0\0(SIDATxͮYs6+hDH(<pQ/EL	H+i1B vlYI\\]U]oU=deb~UUWO*\0\0.\0\0@\"\0\0D\0\0\0\0\0\0\0\0@\"\0\0D\0\0\0\0\0\0\0\0$\0\0D\0\0\0\0\0\0\0\0$\0\0D\0\0\0\0\0\0\0\0$\0\0H\0\0\0\0\0\0\0\0$\0\0H\0\0\0\0\0\0\0\0$\0\0H\0\0\0\0\0\0\0$\0\0H\0\0\0\0\0\0\0$\0\0H\0\0\0\0 \0\0\0$\0\0H\0\0\0\0 \0\0\0$\0\0H\0\0\0\0 \0\0+_>}Q)\'L\0dD,@86 `b	h.%E\0$d}tMH\0&I\0\0\0J\0\0	\0 hRR\r\0N\nzh\Z9\Z\0$W\0\0@\']~#TGA|l{A!?JexyA\"0X\Z	$H 4#r\"hߺ|/iq̙ڠrs\"rZ\"˹|a;s6H:OB!Ċ#U jȤP8t>JH\ns\"-%-RH#i׽~$U;&HI#e_QLE H_8_)of=q9Ai$h<5.!1I\r	dr$B	H.Ld\"(΍.ԩgAk ĕuM\Zk!$%\nCad\rSR*1uV&(SBrb9R]bD{\\|̒\"xy6QMMA[e	=X%E{6	#q]De3[i\'d*pGǈdGs.$%\0O4rMH|Eﳗo泗o?\"@\"$7EϷpZ:>yS2\0HtљFbS{O]sa~P)\0)ķH}7I>B/_|bj+b<>vLlurtN|/>g復Rk,,J%HPn<衷]J|du\0@PHLI$)䄉u\"R)~ׇWzc<u2t\"AR\0\0J$0D<3\0O$	̉\0\")i0dI@\"p%5WQ\n_ML$2*s_i	ısb{_!ie6e\n>f\0 .J-StqUL$YLCY#@RRZcH,v\"<`/	JoDHD@C\rGmxZ8$HdXi.i\\yԵEE-t3ۣۓVg- [I1=u$32pǺغA 鄠Y-I!H}i@`pA$,FK*/Riܥ\nm!-pXO(}VkZ5<wl|DZ%A$0er\"\'M*dҎ}C#$H</ۊ+Gi&Xq.M.IoƄB\niD2gZc)o^dil~6](TdPH!$HZ} J$VU$8\'N$$ \0b&%vJ$A\"ͥRH4k6}HFH!ÜH]ڽ!>L{W&^s-)VBUB\"݈ĵ\n+n,<\Zn]ĸc[*CYa8+S/k+l=fײWf\"4RݱB&(sce]uD QT\") 0\'QnE $.C/統m@t(h[$!CXH:-\">aN6xld;g\n~b@4sK&f;Y%\\g)oB I\n7HDA vJz@\"@\0biDʱhH=؆ů=G̿i$B]Ha._H1ōHd$ $o3G@K|x q\Z$2R\Z2P\"!\0&&\\]$HlM# HHm KD2#$\\$gQ$d\"1EH2J @\"! 9A\Z%\"\rYm4.l{R)8yup:I*+d\r\Z3^$7oMk!؏U	+pN뺦:3GAOHl@ u]պ^Bf/O\\\0Lуlid{xtL#̇ Q\"&o\"A(Z4eK$@]^\Zm\"$dF$H(-Jc8p&?FdQ͆\\\\2!acX2dH$~̇D\nDt7Eu\"}7pc];[,F6i $R\"Inl%c=a?cK:FH<F}\rR&p/>{Y91D:ѭo>\'6g/dI(Lˑs߯A\"9jtۿYB}_َQ\ZC$R-8j-&ytd/3ā@rh)ݠyg\"P~nFJ69+;Rn6H!,}t\n6KwRBnsa)#DZJ!KZ)wG׎zVy\Zo	;>\0iYLՊ4#q\"aF9:l	s\0>zɑRom^5?Hvc4MwXNz;\noԓeaJcSZ$B-LL#m%$F\ZGH%_)XL\ZA\"8JH&>J1:^K?W\r؎WF 5DwH$0PS$G∕G6໧YP,+=!9E\"%mzXj/Ti+LFG\"OאCeH2NCR3(	ZRbi#(ߥ$@4DKzmG0D6C&\'ZP+\\g%h8stT=xRG\'o9+Db>ؤ]-Lƞ(mKy;Qd9a0H(#cIylXҿSo9DIAR>9)0	t`8$O$;[OA!-cVկϽdBC\"P9=R[Qs3p7B\\P`}p$ orGY;iz9\"$׶g͛Llgsct@=\'#$(뛸\r#$!ʱԗDj(vsX+cK磶@,E0H$>\rK!KI%\'+eL<Wim^{)Tl賗o	TYl4tbVHHب]aQj3{\"1u^/\"W ķ֜/<7W9@HDciiD>\01@|Cz]] i+)gz9ڢ乑<HYbMu#10vrɖ\0y!,nx5S\rA\"\0EsHILN@\"{B̅B$M5h*y<i䁇Rg#J-k{ 	DYzka=Fmoz/FrsNu+S\\\Z+1tl;[H`N gysX\\trnQ{hN!mM {O#20.iޠqnGW#v(Aߞ笛7Iə4r3vS|	;׭c$x614V܈_SǼ@\\lq,]H%iju֙qCb^S >[k0<&g`F YA+:+A	I_ǘK {ɚH٫m^d;Ҷe#VYC&i&SATW;V%jG~̄9+H\"1\'%}γc۩&c?Ǥ[JQ,F\"2Ȕ\n(B YHZoGB;5:\"!³Q!=Vp$U;>X2	 jhX];1j04܉dX nJ{1!d]SHD@ZBHe\0<sTHyj5\"$ԟIz\'@:lǔ4DC%&h]J#nh*K:bbm!$鳭HjQt$\rH,?BrZ\")%6kl>k_\\D\Z9z<g/iĔZ9]%Doyr{]FH\"GI	8l#)	6	>ѯ\rFLr\\DfQjQFgVq^*4>(P$xHJNqnWa\rGV&GeoE G	\'aЇ$$S͏^S\r)yF.o;shFoCޑVl~oYbKUXz^)olJsZHR}K\ZQjgD|JRIDVXGioj	Sч\\(ݹx-vu&{Wh:\"{Sד>u;G\n|Ȧ-ǩU)u\'Vs!4TS	OڰX42\n-塔\Zr90Qa,׺xHH㪷#\ZI$Ad>J9/	|wkxs6R:[1MR*}H۞ٛ(mD8+g	þϸ}$\Z2MFP\rs&ۢwBj5ziQ\n\'t[FΑ͊~ΚkGs.5uZ $bQh`}ᆳc9Y  Y\r>5JϔIv=W\'M}mr}sA	vCID0VgHl{yL#-\r3\'0.R&M =\'D@5] =JiK;4դ@\0 \\ 9:3a&Vnb^\"AB	Zcxe>w1uvdV$<r$\\dt/^RH>ζ٘SwBviV\"*1@5ƒFf,PHN﫳f\n$@YJ\nDB\nؚMI,ۧ$uu)\0ꥐy	$Vn8ka,R10֞HYY|${s\"Pm7gT@J/|-$Vu[[%B\"̻7$Nrq\0>rDbJn-\"R4~ʹE$JI&DbӲ=VV\0*a{J,\0pĬQKhO&3#A%_ ze	|dh۶V&Vx>D\\KN԰#㻕v2ƛBBDc\'}KI[*I-)V{\\mm5i}@Ό|V)zm=$>iG)gSRy[,2YqyeH*:>B,lc|A.QX*w;Vl.}zR7꺮3LH?xhSR\\l\"ؗ۟mU`ԠgJ.#\ZH.j^f%l(aCm$Hm$Ŭy>9R\\\"qH(-&LRVm:65\'[wO\"@,C[VnM_(~뭚1OH~&\';Sا8fm\\y=!w&5M&%j[_^hu|4ҺH:˝VaI	-=\"bĢ(,gvUc垺i5^\'x\Z^ΊI{%$w\nڃsMd&RK[I4j<^[,oF0\n-܈@lH\n<w\\$y:üq$G\\\rEHNI(q&8|~K֊#1D)?_Lb9*6{a=(9Hd$%:H-Josss҅\'ԒI$8TO(Yn_G&{q#E|oȠ忩_>cc\'\Z\'$LfUa{ma{RHh]\\\\FGۗLU7MH_&2{pe_kύK+l%5L8a<>V>sxf\\\\fCRH {]Rșǧ u.P$s.ˎ#אBʞ<	JfےڋEϭmz$D*57RD\"Iz㖎E6d̪HvܫI9ʶϖOzEH9J!72?ד/apX^|S0Һsi۞|c~tJfF(QCG))wdVJdOb&)tlYIĭqP)HPz=Dpܔ]^\'WJA GE&>Ֆm7m\n$bHJ#%rfjK΍sn/	do[eZE<|RlHw$O\Z+wH^|[QIǠU\"uDwT{Sf42мHvRܱ-\\	!GBo1-)\nF!)IZrnrCM~\Zʽ:kT]jK!j!*J6U{ymi8|ӛ{FE\'QdwqkkAݚXb^̜H@/k\"WQ ƞsV{TI(SaE\ZMDΎ#+\'pMAd6yu9}	N!H$$Df#=Gߍh\'H^B9ՙ\r4ıOꬒ:)ճػBV&S2synRGKk\'S)$gޛV闤~x\\ZJ&1XS%H+.{##y<԰7LWOZ:\reEձ}[\".?u\">HN؜5u%X<[\n	ϧ3w<jwb^r.z[IKj~@{y	PbRu}=){R\"3ެ2ݵ~}~+s\0Ɲ_cw&W\ZH#RDb gzb}yN/^sSy\\B$AHBb$wjyeEO 1=yg\\DX!o>G\'\"DfWjE\"=ɣ#}4RK|?gC^HF-\\z?ם%ܑޢ@zaHTc+ҫ8W-HBqsT>1Q>DKKZfRKlVBK67ei:m%%\'+fH0(L	!s#P:\ZF@\ZR>%Id)!(;\\B)6i&$O\r9Cv|G\Z8\Z⪷ۧήԺt2{\\{B uW֮*_Í\rVl5#R5z<6rḒVkzc6iV/\"9_EV$J #\re\0	/v	53v7HZQHd5sDVH+_b9K(ORS^riCY>y6p=jcTEc\nY}.x]!9\08\\@rWImQ*&$)\'!lIF~.CU =4>D2\ndYI19;՜DtK\Zgdo\0y=|@Mϊ9X]4\"\\IYRE7~ɑ(	ԐtHH\00$<HV(JD~Y{CZ\r/-}@%){#4~]opC@zV=YXB\\=\'o[\0`y\\bilhWi\0>/QL>YK7\Z:@\\&m몇+m#E>l-h1f|$CV\ZaV!Kx9)(^qbσ0П8FG/HdQ\ZGݹ6⡇H.kZ%Dj10cCYI*\"\0#m}[KW`l_F\ZpY򯡶\ZUʃPZ -TH#j)^Ǽ K5QiZO/1kV?Kk(un>D)\r&s\0omGY]ƅ,̻%%^w.ymx%C zs\'a,gB/L#m%6X3A%21J ^4r߽z[6t\nw5qmlyji*yIduYX}Fb;<rb~⒉J\"\\$YCrTC/nRdK\"_sG$e44ү@xpId0^nH<S#q́ڨtqLnZǟ\\mƗg;bL;Q\"1F@n\n\rE԰g |f7?DPVn&L(<2HODWoNJu]JP zK\">ow݈3K#@l?PaN_ܬsS ^$_6!Lt͕KK,Έ9d=Zwöyg/?^@)$I|ŕ:HLIU(HO#\\ۏOr*IDL#¸ǏdYL\05a|Ti)$i9\\ldK\'榄?q}ҘRfD#QiJ,|>V\r.Z:P%}ro\0VRȑY|nnPr	CV3o\Z2,DJ\\b/${Ƨ ڊK*5\'{K<[R\nԛ,Hq9KLi\"em^uyqm-5F@HFmO2U=FޜrIQS&R\'cQgT7-\'3)Dr4IX~\\xq=^k8\"qt?C\">,hR@zy$x0+c4(W+\0sz?c0%@\'L1%9g:J\0@ҋ.CZ}\rDr\r	0<{-:oL(\0g-!9H8_\0IYJb&Ŋݱ}\0[a\0xଔZ,ʒD|/\04oeOj$b3ZnmI @2:+jտ@$+G\0N@rY#*g\0ZtIY\0ɒH\"c.T\04Ea\0@o#-N)\0@$XpF`8\Zk\'5|(\\ak>tx=}pHDoQ\'GWJSݤ&NԻRU>.jR__MR뺪i~ϾNM2z~C~tQӻU~g]ӪzQRj&w?w&Ԫŷԏ~k/wHMk5M7&XMԏjRӪuyLgVI\'@)_ԫ_RRO>}eRݤ.3oogJ)uꝚ֋Z\'^W:?Z_R}5fU~soG퉞Zۯr{czRv\'~\05C\0\0\0\0IENDB`'),(7,'_KARPXPCp14.jpg',3,'\0JFIF\0\0H\0H\0\0\0C\0\n\r	\n\n\r\r\Z\Z\Z\0C\Z\Z\Z\Z\Z\Z\Z\Z\Z\Z\Z\Z\Z\Z\Z\Z\Z\Z\Z\Z\Z\Z\Z\Z\Z\Z\Z\Z\Z\Z\Z\Z\Z\Z\Z\Z\Z\Z\Z\Z\Z\Z\Z\Z\Z\Z\Z\Z\Z\Z\Z\0\0\0\"\0\0\0\0\0\0\0\0\0\0\0\0\0	\0J\0\0\0\0!1AQ	\"aq2BR#r3bsCSTcÃ\0\0\0\0\0\0\0\0\0\0\0\0\0\0\06\0	\0\0\0\0\0\0!1AQ\"aq2B#R3\0\0\0?\0ԥ(BR	JR%)J(BR	JR%)Q*m9{S<Cٝչ\nk ǼN)媔E+CEܵ׈[Ce7to6q`p=NoMu{v\',Y+*bR0|*Z7%̻qp\"K+[>d\0@<\0tjnMDwv}.ܳw#ɉ9w\'s\0(q.1s=&͞M-\'ѧ(\rܽwtY)jco$Ü\rW]j%$-n(.\0\nq;7A [V_\0&R[[/O?5YdxB\rS;]JRJR!)JP)BJR!)JP)Bd%yc^u$n{\0$Ѕx).:&{(:Sx}TﺅT=.ppvdnԥܒk֝D_$:haJhFb0>+(\0.wOvgrL$~JUMj&GvܮӐi[m\n|@\n#I<}$t4nBB^)\n?&MqJX\Z\\o%Ѕ]T*n~\ZCU(!$wxYkVH/yhP&3\";K+{|Ɣ:O_ߡyz>sϮ٤D5a\'dS\'̥m9ӿqV7X▘jm6j4VhOA|sY:*b._p	,*5v(BR	JR%)J`rꟘ_-H̐	\0^\\lԨb,KOTX~j?7JT{C˂uɮcЍ>[+S0`GžUW}j\0.1 vD\0R*2%[7$^s[u	=d\'615wĳXo\Z҉R\rM3Eku&k|l]stETj-m8^b̍^2*uqJ\09*\0#+oSklŰKH᝾9yN=J}ӿt&l=WSZnrjݏZw_LGKiQۘ) }YxBkekJʸՌz3-Y\"9	t#ܟ j.-DDz${+-s<{8\"^`ޠlGIPRPv#Vr$Lrq+el7ѷtt;zԃxe^U;3A\ZThCzToKg4aZ)\\dn-<6JPJ5!*=<ԕ.9)H/RJR!)JP)B9vm`Vwn%$%b>SD|q 84j.D{hǶd_)?U#&J6Vs&^iit\nu^IChH=5d)8곟|)u<~Ϛ-7tqU[\0	P>+\'\\&WEeS?\r`@:*ԦKUKD=C-+mG^\06Cɽg2yԗlB6)O`I})?(y-ҩ)rbϨyӥ3iΒ:vI7K\0);{BSБںU+I:4Ts;74a\\L?-7q&/+\rlO^T:uhi\r!(@씍U:iv.=i\0nXl(X!m!IO2R;O`=ME,!B5^Ώ\ZYt6={J\'jj߁`W@g3YMWPuŢˎWQB΢*t۬<Ťdҗ6;ӟZBJ[aK;\0\0O@\0MX27wǆT>\\q)*\'m4i!@	JR6\0R:GKKDb[y<=؋rWd^[wt~,/ˠ?X/!n+>D:J}5U&HH=I{_0%_Hqdw	>eiH\"H\0W<(#J=d((\'lw]5ouk̫JXbْgeǜ{#ɷI%DyN7*n*lIÃߑ ͋hx\'{a\0ʹHpx?I;WY92\0dȑ\rCiv )㺞z0A	ᛋ:L[?SǗd1r#(]J~k`/z~~cuY.Gzt*JR!)JP$\0I;PG3ӒR(>¼==%V_I#M&2pm~nBXz}WG?<Y%yŸQRQ=>\0IDKRR)G`\0ܓV3	\ra56\"^AM.8w>}[^%CC9\0	0\nrn&[Ul+n%H\0۪L5+HaPm%(H:\0Md˴?kCER+%Q-ĳ,7$@Ur2]p.7\r<,GQNmEWgLVԲPNf6(㋈Ϛyq+pa*\06cr\'~KE)?ZVU\0Ɛ7G#Doe+5I tf%)J%Q.jős{{;mI\0OMkI#Ia}mi? ¯nSN#>L}--`d\0=\0ozѼPzm3? Wυ6%5J)O\0RyU&7I\"pOЮ؝Q8>(PJuCzXs#aǙD]aTAT&9Y\rf=wY)P	T>=$!L߲B|>Ctzl˸~bAii\n[BA*RMT_\ZȽda;͎hJOE4=ZW-{5Հ8t[IHV+JVk/V\ZɊBZDyH	Hu+ <rse%8F[\'*Z8ғԿɳO(b5qf!`X訅k0#)$${V\\FCwp9)7TY)JTr)JP+Ŏj\\7.NȠ>!_$UوT7ā;u\0jS\n{\\<괕)JVأ.ѢҮ7ʫVYZJ|6Yh>	-!i#m.kV_.ޮI9&4)LWIJR%h\ZӦ5kMoЧ0\\x27i`{T[+=Ѽ=f]Q4R-d¸0iqS/JTHRH= *_ȴCt9ݰ]*JGừH&1-}QLulR[pir&vQfzR,ѿV8Wͨ>},)J̓88&iYj㔼%v(|H(Fގ(U]T\\/rIRNu \0Jh\r7Oqc1di3<Fd#V=]ǧ!wX$Ll8EnhuqͼPڮh`@ښAe$%#R6Ҵg軅:JR)JP)B\0L]ͺ]a;\0h\ntͿZӬ%B^}.|wYHTթnKZ*RM^tNZY\'<M9\0k-crܚ`tu6I	w5~(_Ñ̿sDt\0MK$4]+V-QEeuHJGzJRJWֻdDs&K@zܒ\0kiyt`\0)>hkJn>#.C.\'sj^Xi%.D;aTPprV3i)˿JҾ(t\0X2\'qRESjdBu	ۘ@qCURk5`yH>\0evQQ>mw4u[:JU:P7eehCLԔցj\\MszeKJ8TJm{yoNpR\0o\00ĭsXGӛۯ\04?+9)Yvǎ|_\'Iݫ4zR^QI_Fݵ l˼SJl8@&6QyQ7q*_<5;\"q?ڈvP>8>J5d5Vo>Q\0SBz]%!ayRR	JR(dҫ^7GrKdOURy6+NB(t|Si?ኌh7\'{^;JnaCn\\us۔\0f\nm b(tIl7*.rNsAiϲُȁ3]B.ZmX4.-[-J{!	TZ3Nd42<(mVbؾn#mA=\"*w%#A<8ߪ\'	Z$R\ZZ:\rڜ>@܆ee8:뮗`>Wx;\0	JW3vDeܢ\0(})ƢB\nJ;nya(\\v@:Xq[TK6aơKIθRH\0QCFë}y7{mg(SM  \nV[ǔc{;(Ma γ=u#o\nǯ2[uz_xV5JRW/J\'8v3(znI\0XgAk2\0cV+s_:YX?mk6YqJ	f=0N<4JKDZ7nW&V1JRdQ\nSSe(_5U6Ő**#\0JV6(7hGI	\\ wPss ~$3!$?Qs-ܥ_TSMwR,BRR	^[=2=Hl-~\ZW9Ќ2$%7O/%ξRBꉛw&sLVorKwŠ9T>\0\nRF(ÚwR7s\'z҈(1Q4zrBByd	0ۭ.ixqGJF䟀2PlAUTՒ45wwqh}ȐȖyen⊔Q\'$Ղ:\'@s͡6ipaם\0sB>M{T7-U[Mu\nkw³#8W=K|$A.8]]\r6R\'cu`4l>]VzW\rpő_jBpnSVat~r+1`TJ\0|TåHQE7JQlٗɏ\n~CВ(5O>k;8nSR_l\0b\0y}\nEFQRI[;aWnphPT3Q2,CjhfZ\'r_UR	 4uZEQuXe3aim?<\'Hө\Zϋc&\'t 62JϨoo:cXA/!mE)JU%9Tůؚў)Z@pEW<^57&zc\nn51:tu4Z-p:0Q<zf^,⬧5.&䭌Ցdv5-{9򖛟getz\\kYN7&9ћ%)JJ%)J_~,2oGhQK\n>c@mXuS1NuՅQ=P(`W!Pjh>ڼ<`\'zf6j4+XLT`He*;X\0	/@Wwo׼IJFЗj|I\'?#Ďw@_P\0 nSAJ/W	o?ՃTj\nߨǥ+|ޜ([|{&\nOfW ;xJR	RwIZ*$mESplVryø۝K0q=>`R3i-r*\\K1En[ЍMARںwRT>~&EX])J\Z/FvxJ\ntn7vi=R&\'xdm$zHc\\sxod2v&hlH%)͸[u\0sQ!M#=Tyd)J?a=+h3ǈ]Enl]^g1mh*K(ܔ}{Q5b1o+GKfNkTȊ\rN]G~ţtw}gɩ[h-8u5\"EZ@~Jm\0P$<S,,\\#;*{EJy!	QƕWBfk|ĕmd$\06IDPqm6R(lRGpGުESfmg&FNؕ|^4g19MeAr.\Z4|b9)*)aV\0%\\EPZzƫik]e[+hV\0{=ڶc༁ߊ+?NZ)t(Tڭ$|ʹ@J\';~>rXa+.ˉS-[~t7jKJ}Jw#n9`%f1<vN_Yy	uFF*qa<z\r?*Ԓ{(W\'|pO9?5gZY&4FVcC,=\n\r+qc}[BBR7P\\\\w6?w\nqYx\ZUgd\rC/qq԰7-(u=R> V7CTh?#g% 6ʐYa-5\\mrGndXz曂w)%EFzّn9!> ˊ>I{{jǳS4̛m|l%s#iK;\rvI=89eʑA#	o-vJZ,^qwȡȵi=r;WYjJqt~;lzt]\" uZCGu-NUG\Z:p~o9;2lxJHpRy>\07\\Ǡ_V8LVkVP=I*>j;zQ5X\nAOVk&n\\@xhƴ2HeR(vuRմ\":\rvJUi)<S\0jq%@*Rv\0䚫s43t$bb8cL%xJW%g6O(}ɘcjg;{Suȏ츻JK\n)iaS3Au޴g]wVeQ^(ҧr2s!X\n$\'\n6G*so+ҜȄ\'Zo$E),(Pw*-Im)cr yqäipuWOA#<so>UH:U=Ѹ9%/\'cWɍqIr4q\n)PAEI;vQ2\"qhv<ҡ@58xF]4ٖ]SturW \rzʊ/Eñ۬v)ROPAAIpȨ4t:O\radx`\"\\U`TǨߡFt59hܴ?;{hh)VC:wI>{Qiuk:.U%+eDo>P|_\n~6Y>ǯ;l*	*gZ?j[;hzZ$iĥ|VΡ,\Znސ\Z}P\0?	XqD,h s7T@5RsiNZO	tS w%6oiM4w)1F[ǯSJ+B\0<\Zn*Q^\\dx,yb\r:%H!H*JhpYaIS1Pn-+RUVJ+hn^\'F8Í\0\"ɎG ~Y}=ROT~	\0O\\n~FflRA1>c?IjWX}[u^C/zBR$%)\0JҕJ&Ln\Z,v:6ԥ\0$Laҝ}\07kUŃl9&Pz-\'\'b3lq<\0x`Z?ZW.5Sn 6m/>5țkݳQ&I{7+\0nyT+	YQ[pĨ)z{=e֫T-\"6\Zd#hq(hѝx0{)JU9JR!*7AX_1vCl\0!7NV{Q$)N)%K]*t9S2u%+mĝ؂Mu3\"|&ETiLQ%-o4~O;Y/(.c\Zk2TL;`B\0D0sjtFvL/Fsӕn$P+TŨXvr8ZxsL\\0+Xml5n펼gmq`\r;A^(\"&-5ɳ#~:;yCv5:4t7n+q\0ݭͩW#=TO6Nj8OLq\\GrpAȩJ}55tįVG>\0?t*i;+5U\"6)t)^!)JP)B\\Yi)wS~4Uܫ^;ږjKR7\\cX8tp?<ݲ#tm8QߕǛcI\ZƮ+O+FewpYLr:+;X	j56>>=nqg@R{F[xcG7t\ZqkDm 5	>VYlOAR	_<Z\"#aR~.粶ٸm6ͤ1c߲޳ev`oY}oW߸N7Yf\Z+I~-FecYi!\r)`\0UJUE.(BR	JR%%+IP؂7W!r\rHL=ro(\"G+Ҫ!8h4&ܕcn)VۆO^Uǲ$mpƽk!sJ~XЛWr7mj6ST2&渁n\\21o7Z>5=%l	IRCSl!FmYK	 -R# J\rE?p}{֋/%1unFs;N(O2BR㘓t\rl{ZƋnlVR%GG\'}?Y1fSiSd\0/ƶd%l/+E\ZI?ΞdEh	vݾ1wx9g>8W\\&PEQdn\0u\\#jNr5#\07{ֳGqS/8-~IɛfĊWg$sϝLl>pUh?zj/{4X3uIZ^IHɼy$Rݻe\n/<>+*ow7a1 dY(s-dnaqjN51tĤ됭?ROɐQw/?z:~(uS\\Ull-6\\S+X#d4V.\Z*J^Ux~?AL,NnDC O(RzW?N͝B1{nq\ZsŬo3QorrwB(͘;|AGʥk-[tKTG+q0[H% Y\nT\rMmEcyw-PJRJR!)JPjclNEEYa-$CAqIJ:o*]\\34J2/)\n!`-I$yj$Hv[Ȕ}Օպw$2M[0\"<AΖo9Ǭ0nLv\\Y*Ñml5^ߛzC	5Ů\0o[rQ#CNz]85{2q+e3}:paXYKTv[SQ\"z}ᆫ6?lJ+}gP\0\0múth:*)D\\7\\9m\ZqluJ7->I@R&{cttF{!\0\0zx\n96u3!d6*-{*#\0b{>\n\r̻w\'UJRUK)J(BR	JR%)J(BR	JR.L\'&RTZ+\0}lU/Wym37̷Naq.6B~`xj\0UDg$7o}Nsa̒zlW)\'v˻rm3)r_\\*Im%g#e~]2D|/ޕʥƎKh?s\"3i5y[5[NO#6L6\'Rvf#dq`Hն3>ό渲6`[$|G>}v;.ͪ*or@kQI=\0U1-%RπK~,qqzc0hOH)Y7̧JRBR	JR%)J(BR	JR%)J'),(8,'_KARPXPCp14.jpg',4,'\0JFIF\0\0H\0H\0\0\0C\0\n\r	\n\n\r\r\Z\Z\Z\0C\Z\Z\Z\Z\Z\Z\Z\Z\Z\Z\Z\Z\Z\Z\Z\Z\Z\Z\Z\Z\Z\Z\Z\Z\Z\Z\Z\Z\Z\Z\Z\Z\Z\Z\Z\Z\Z\Z\Z\Z\Z\Z\Z\Z\Z\Z\Z\Z\Z\Z\Z\0\0\0\"\0\0\0\0\0\0\0\0\0\0\0\0\0	\0J\0\0\0\0!1AQ	\"aq2BR#r3bsCSTcÃ\0\0\0\0\0\0\0\0\0\0\0\0\0\0\06\0	\0\0\0\0\0\0!1AQ\"aq2B#R3\0\0\0?\0ԥ(BR	JR%)J(BR	JR%)Q*m9{S<Cٝչ\nk ǼN)媔E+CEܵ׈[Ce7to6q`p=NoMu{v\',Y+*bR0|*Z7%̻qp\"K+[>d\0@<\0tjnMDwv}.ܳw#ɉ9w\'s\0(q.1s=&͞M-\'ѧ(\rܽwtY)jco$Ü\rW]j%$-n(.\0\nq;7A [V_\0&R[[/O?5YdxB\rS;]JRJR!)JP)BJR!)JP)Bd%yc^u$n{\0$Ѕx).:&{(:Sx}TﺅT=.ppvdnԥܒk֝D_$:haJhFb0>+(\0.wOvgrL$~JUMj&GvܮӐi[m\n|@\n#I<}$t4nBB^)\n?&MqJX\Z\\o%Ѕ]T*n~\ZCU(!$wxYkVH/yhP&3\";K+{|Ɣ:O_ߡyz>sϮ٤D5a\'dS\'̥m9ӿqV7X▘jm6j4VhOA|sY:*b._p	,*5v(BR	JR%)J`rꟘ_-H̐	\0^\\lԨb,KOTX~j?7JT{C˂uɮcЍ>[+S0`GžUW}j\0.1 vD\0R*2%[7$^s[u	=d\'615wĳXo\Z҉R\rM3Eku&k|l]stETj-m8^b̍^2*uqJ\09*\0#+oSklŰKH᝾9yN=J}ӿt&l=WSZnrjݏZw_LGKiQۘ) }YxBkekJʸՌz3-Y\"9	t#ܟ j.-DDz${+-s<{8\"^`ޠlGIPRPv#Vr$Lrq+el7ѷtt;zԃxe^U;3A\ZThCzToKg4aZ)\\dn-<6JPJ5!*=<ԕ.9)H/RJR!)JP)B9vm`Vwn%$%b>SD|q 84j.D{hǶd_)?U#&J6Vs&^iit\nu^IChH=5d)8곟|)u<~Ϛ-7tqU[\0	P>+\'\\&WEeS?\r`@:*ԦKUKD=C-+mG^\06Cɽg2yԗlB6)O`I})?(y-ҩ)rbϨyӥ3iΒ:vI7K\0);{BSБںU+I:4Ts;74a\\L?-7q&/+\rlO^T:uhi\r!(@씍U:iv.=i\0nXl(X!m!IO2R;O`=ME,!B5^Ώ\ZYt6={J\'jj߁`W@g3YMWPuŢˎWQB΢*t۬<Ťdҗ6;ӟZBJ[aK;\0\0O@\0MX27wǆT>\\q)*\'m4i!@	JR6\0R:GKKDb[y<=؋rWd^[wt~,/ˠ?X/!n+>D:J}5U&HH=I{_0%_Hqdw	>eiH\"H\0W<(#J=d((\'lw]5ouk̫JXbْgeǜ{#ɷI%DyN7*n*lIÃߑ ͋hx\'{a\0ʹHpx?I;WY92\0dȑ\rCiv )㺞z0A	ᛋ:L[?SǗd1r#(]J~k`/z~~cuY.Gzt*JR!)JP$\0I;PG3ӒR(>¼==%V_I#M&2pm~nBXz}WG?<Y%yŸQRQ=>\0IDKRR)G`\0ܓV3	\ra56\"^AM.8w>}[^%CC9\0	0\nrn&[Ul+n%H\0۪L5+HaPm%(H:\0Md˴?kCER+%Q-ĳ,7$@Ur2]p.7\r<,GQNmEWgLVԲPNf6(㋈Ϛyq+pa*\06cr\'~KE)?ZVU\0Ɛ7G#Doe+5I tf%)J%Q.jős{{;mI\0OMkI#Ia}mi? ¯nSN#>L}--`d\0=\0ozѼPzm3? Wυ6%5J)O\0RyU&7I\"pOЮ؝Q8>(PJuCzXs#aǙD]aTAT&9Y\rf=wY)P	T>=$!L߲B|>Ctzl˸~bAii\n[BA*RMT_\ZȽda;͎hJOE4=ZW-{5Հ8t[IHV+JVk/V\ZɊBZDyH	Hu+ <rse%8F[\'*Z8ғԿɳO(b5qf!`X訅k0#)$${V\\FCwp9)7TY)JTr)JP+Ŏj\\7.NȠ>!_$UوT7ā;u\0jS\n{\\<괕)JVأ.ѢҮ7ʫVYZJ|6Yh>	-!i#m.kV_.ޮI9&4)LWIJR%h\ZӦ5kMoЧ0\\x27i`{T[+=Ѽ=f]Q4R-d¸0iqS/JTHRH= *_ȴCt9ݰ]*JGừH&1-}QLulR[pir&vQfzR,ѿV8Wͨ>},)J̓88&iYj㔼%v(|H(Fގ(U]T\\/rIRNu \0Jh\r7Oqc1di3<Fd#V=]ǧ!wX$Ll8EnhuqͼPڮh`@ښAe$%#R6Ҵg軅:JR)JP)B\0L]ͺ]a;\0h\ntͿZӬ%B^}.|wYHTթnKZ*RM^tNZY\'<M9\0k-crܚ`tu6I	w5~(_Ñ̿sDt\0MK$4]+V-QEeuHJGzJRJWֻdDs&K@zܒ\0kiyt`\0)>hkJn>#.C.\'sj^Xi%.D;aTPprV3i)˿JҾ(t\0X2\'qRESjdBu	ۘ@qCURk5`yH>\0evQQ>mw4u[:JU:P7eehCLԔցj\\MszeKJ8TJm{yoNpR\0o\00ĭsXGӛۯ\04?+9)Yvǎ|_\'Iݫ4zR^QI_Fݵ l˼SJl8@&6QyQ7q*_<5;\"q?ڈvP>8>J5d5Vo>Q\0SBz]%!ayRR	JR(dҫ^7GrKdOURy6+NB(t|Si?ኌh7\'{^;JnaCn\\us۔\0f\nm b(tIl7*.rNsAiϲُȁ3]B.ZmX4.-[-J{!	TZ3Nd42<(mVbؾn#mA=\"*w%#A<8ߪ\'	Z$R\ZZ:\rڜ>@܆ee8:뮗`>Wx;\0	JW3vDeܢ\0(})ƢB\nJ;nya(\\v@:Xq[TK6aơKIθRH\0QCFë}y7{mg(SM  \nV[ǔc{;(Ma γ=u#o\nǯ2[uz_xV5JRW/J\'8v3(znI\0XgAk2\0cV+s_:YX?mk6YqJ	f=0N<4JKDZ7nW&V1JRdQ\nSSe(_5U6Ő**#\0JV6(7hGI	\\ wPss ~$3!$?Qs-ܥ_TSMwR,BRR	^[=2=Hl-~\ZW9Ќ2$%7O/%ξRBꉛw&sLVorKwŠ9T>\0\nRF(ÚwR7s\'z҈(1Q4zrBByd	0ۭ.ixqGJF䟀2PlAUTՒ45wwqh}ȐȖyen⊔Q\'$Ղ:\'@s͡6ipaם\0sB>M{T7-U[Mu\nkw³#8W=K|$A.8]]\r6R\'cu`4l>]VzW\rpő_jBpnSVat~r+1`TJ\0|TåHQE7JQlٗɏ\n~CВ(5O>k;8nSR_l\0b\0y}\nEFQRI[;aWnphPT3Q2,CjhfZ\'r_UR	 4uZEQuXe3aim?<\'Hө\Zϋc&\'t 62JϨoo:cXA/!mE)JU%9Tůؚў)Z@pEW<^57&zc\nn51:tu4Z-p:0Q<zf^,⬧5.&䭌Ցdv5-{9򖛟getz\\kYN7&9ћ%)JJ%)J_~,2oGhQK\n>c@mXuS1NuՅQ=P(`W!Pjh>ڼ<`\'zf6j4+XLT`He*;X\0	/@Wwo׼IJFЗj|I\'?#Ďw@_P\0 nSAJ/W	o?ՃTj\nߨǥ+|ޜ([|{&\nOfW ;xJR	RwIZ*$mESplVryø۝K0q=>`R3i-r*\\K1En[ЍMARںwRT>~&EX])J\Z/FvxJ\ntn7vi=R&\'xdm$zHc\\sxod2v&hlH%)͸[u\0sQ!M#=Tyd)J?a=+h3ǈ]Enl]^g1mh*K(ܔ}{Q5b1o+GKfNkTȊ\rN]G~ţtw}gɩ[h-8u5\"EZ@~Jm\0P$<S,,\\#;*{EJy!	QƕWBfk|ĕmd$\06IDPqm6R(lRGpGުESfmg&FNؕ|^4g19MeAr.\Z4|b9)*)aV\0%\\EPZzƫik]e[+hV\0{=ڶc༁ߊ+?NZ)t(Tڭ$|ʹ@J\';~>rXa+.ˉS-[~t7jKJ}Jw#n9`%f1<vN_Yy	uFF*qa<z\r?*Ԓ{(W\'|pO9?5gZY&4FVcC,=\n\r+qc}[BBR7P\\\\w6?w\nqYx\ZUgd\rC/qq԰7-(u=R> V7CTh?#g% 6ʐYa-5\\mrGndXz曂w)%EFzّn9!> ˊ>I{{jǳS4̛m|l%s#iK;\rvI=89eʑA#	o-vJZ,^qwȡȵi=r;WYjJqt~;lzt]\" uZCGu-NUG\Z:p~o9;2lxJHpRy>\07\\Ǡ_V8LVkVP=I*>j;zQ5X\nAOVk&n\\@xhƴ2HeR(vuRմ\":\rvJUi)<S\0jq%@*Rv\0䚫s43t$bb8cL%xJW%g6O(}ɘcjg;{Suȏ츻JK\n)iaS3Au޴g]wVeQ^(ҧr2s!X\n$\'\n6G*so+ҜȄ\'Zo$E),(Pw*-Im)cr yqäipuWOA#<so>UH:U=Ѹ9%/\'cWɍqIr4q\n)PAEI;vQ2\"qhv<ҡ@58xF]4ٖ]SturW \rzʊ/Eñ۬v)ROPAAIpȨ4t:O\radx`\"\\U`TǨߡFt59hܴ?;{hh)VC:wI>{Qiuk:.U%+eDo>P|_\n~6Y>ǯ;l*	*gZ?j[;hzZ$iĥ|VΡ,\Znސ\Z}P\0?	XqD,h s7T@5RsiNZO	tS w%6oiM4w)1F[ǯSJ+B\0<\Zn*Q^\\dx,yb\r:%H!H*JhpYaIS1Pn-+RUVJ+hn^\'F8Í\0\"ɎG ~Y}=ROT~	\0O\\n~FflRA1>c?IjWX}[u^C/zBR$%)\0JҕJ&Ln\Z,v:6ԥ\0$Laҝ}\07kUŃl9&Pz-\'\'b3lq<\0x`Z?ZW.5Sn 6m/>5țkݳQ&I{7+\0nyT+	YQ[pĨ)z{=e֫T-\"6\Zd#hq(hѝx0{)JU9JR!*7AX_1vCl\0!7NV{Q$)N)%K]*t9S2u%+mĝ؂Mu3\"|&ETiLQ%-o4~O;Y/(.c\Zk2TL;`B\0D0sjtFvL/Fsӕn$P+TŨXvr8ZxsL\\0+Xml5n펼gmq`\r;A^(\"&-5ɳ#~:;yCv5:4t7n+q\0ݭͩW#=TO6Nj8OLq\\GrpAȩJ}55tįVG>\0?t*i;+5U\"6)t)^!)JP)B\\Yi)wS~4Uܫ^;ږjKR7\\cX8tp?<ݲ#tm8QߕǛcI\ZƮ+O+FewpYLr:+;X	j56>>=nqg@R{F[xcG7t\ZqkDm 5	>VYlOAR	_<Z\"#aR~.粶ٸm6ͤ1c߲޳ev`oY}oW߸N7Yf\Z+I~-FecYi!\r)`\0UJUE.(BR	JR%%+IP؂7W!r\rHL=ro(\"G+Ҫ!8h4&ܕcn)VۆO^Uǲ$mpƽk!sJ~XЛWr7mj6ST2&渁n\\21o7Z>5=%l	IRCSl!FmYK	 -R# J\rE?p}{֋/%1unFs;N(O2BR㘓t\rl{ZƋnlVR%GG\'}?Y1fSiSd\0/ƶd%l/+E\ZI?ΞdEh	vݾ1wx9g>8W\\&PEQdn\0u\\#jNr5#\07{ֳGqS/8-~IɛfĊWg$sϝLl>pUh?zj/{4X3uIZ^IHɼy$Rݻe\n/<>+*ow7a1 dY(s-dnaqjN51tĤ됭?ROɐQw/?z:~(uS\\Ull-6\\S+X#d4V.\Z*J^Ux~?AL,NnDC O(RzW?N͝B1{nq\ZsŬo3QorrwB(͘;|AGʥk-[tKTG+q0[H% Y\nT\rMmEcyw-PJRJR!)JPjclNEEYa-$CAqIJ:o*]\\34J2/)\n!`-I$yj$Hv[Ȕ}Օպw$2M[0\"<AΖo9Ǭ0nLv\\Y*Ñml5^ߛzC	5Ů\0o[rQ#CNz]85{2q+e3}:paXYKTv[SQ\"z}ᆫ6?lJ+}gP\0\0múth:*)D\\7\\9m\ZqluJ7->I@R&{cttF{!\0\0zx\n96u3!d6*-{*#\0b{>\n\r̻w\'UJRUK)J(BR	JR%)J(BR	JR.L\'&RTZ+\0}lU/Wym37̷Naq.6B~`xj\0UDg$7o}Nsa̒zlW)\'v˻rm3)r_\\*Im%g#e~]2D|/ޕʥƎKh?s\"3i5y[5[NO#6L6\'Rvf#dq`Hն3>ό渲6`[$|G>}v;.ͪ*or@kQI=\0U1-%RπK~,qqzc0hOH)Y7̧JRBR	JR%)J(BR	JR%)J'),(9,'_KARPXPCp14.jpg',5,'\0JFIF\0\0H\0H\0\0\0C\0\n\r	\n\n\r\r\Z\Z\Z\0C\Z\Z\Z\Z\Z\Z\Z\Z\Z\Z\Z\Z\Z\Z\Z\Z\Z\Z\Z\Z\Z\Z\Z\Z\Z\Z\Z\Z\Z\Z\Z\Z\Z\Z\Z\Z\Z\Z\Z\Z\Z\Z\Z\Z\Z\Z\Z\Z\Z\Z\Z\0\0\0\"\0\0\0\0\0\0\0\0\0\0\0\0\0	\0J\0\0\0\0!1AQ	\"aq2BR#r3bsCSTcÃ\0\0\0\0\0\0\0\0\0\0\0\0\0\0\06\0	\0\0\0\0\0\0!1AQ\"aq2B#R3\0\0\0?\0ԥ(BR	JR%)J(BR	JR%)Q*m9{S<Cٝչ\nk ǼN)媔E+CEܵ׈[Ce7to6q`p=NoMu{v\',Y+*bR0|*Z7%̻qp\"K+[>d\0@<\0tjnMDwv}.ܳw#ɉ9w\'s\0(q.1s=&͞M-\'ѧ(\rܽwtY)jco$Ü\rW]j%$-n(.\0\nq;7A [V_\0&R[[/O?5YdxB\rS;]JRJR!)JP)BJR!)JP)Bd%yc^u$n{\0$Ѕx).:&{(:Sx}TﺅT=.ppvdnԥܒk֝D_$:haJhFb0>+(\0.wOvgrL$~JUMj&GvܮӐi[m\n|@\n#I<}$t4nBB^)\n?&MqJX\Z\\o%Ѕ]T*n~\ZCU(!$wxYkVH/yhP&3\";K+{|Ɣ:O_ߡyz>sϮ٤D5a\'dS\'̥m9ӿqV7X▘jm6j4VhOA|sY:*b._p	,*5v(BR	JR%)J`rꟘ_-H̐	\0^\\lԨb,KOTX~j?7JT{C˂uɮcЍ>[+S0`GžUW}j\0.1 vD\0R*2%[7$^s[u	=d\'615wĳXo\Z҉R\rM3Eku&k|l]stETj-m8^b̍^2*uqJ\09*\0#+oSklŰKH᝾9yN=J}ӿt&l=WSZnrjݏZw_LGKiQۘ) }YxBkekJʸՌz3-Y\"9	t#ܟ j.-DDz${+-s<{8\"^`ޠlGIPRPv#Vr$Lrq+el7ѷtt;zԃxe^U;3A\ZThCzToKg4aZ)\\dn-<6JPJ5!*=<ԕ.9)H/RJR!)JP)B9vm`Vwn%$%b>SD|q 84j.D{hǶd_)?U#&J6Vs&^iit\nu^IChH=5d)8곟|)u<~Ϛ-7tqU[\0	P>+\'\\&WEeS?\r`@:*ԦKUKD=C-+mG^\06Cɽg2yԗlB6)O`I})?(y-ҩ)rbϨyӥ3iΒ:vI7K\0);{BSБںU+I:4Ts;74a\\L?-7q&/+\rlO^T:uhi\r!(@씍U:iv.=i\0nXl(X!m!IO2R;O`=ME,!B5^Ώ\ZYt6={J\'jj߁`W@g3YMWPuŢˎWQB΢*t۬<Ťdҗ6;ӟZBJ[aK;\0\0O@\0MX27wǆT>\\q)*\'m4i!@	JR6\0R:GKKDb[y<=؋rWd^[wt~,/ˠ?X/!n+>D:J}5U&HH=I{_0%_Hqdw	>eiH\"H\0W<(#J=d((\'lw]5ouk̫JXbْgeǜ{#ɷI%DyN7*n*lIÃߑ ͋hx\'{a\0ʹHpx?I;WY92\0dȑ\rCiv )㺞z0A	ᛋ:L[?SǗd1r#(]J~k`/z~~cuY.Gzt*JR!)JP$\0I;PG3ӒR(>¼==%V_I#M&2pm~nBXz}WG?<Y%yŸQRQ=>\0IDKRR)G`\0ܓV3	\ra56\"^AM.8w>}[^%CC9\0	0\nrn&[Ul+n%H\0۪L5+HaPm%(H:\0Md˴?kCER+%Q-ĳ,7$@Ur2]p.7\r<,GQNmEWgLVԲPNf6(㋈Ϛyq+pa*\06cr\'~KE)?ZVU\0Ɛ7G#Doe+5I tf%)J%Q.jős{{;mI\0OMkI#Ia}mi? ¯nSN#>L}--`d\0=\0ozѼPzm3? Wυ6%5J)O\0RyU&7I\"pOЮ؝Q8>(PJuCzXs#aǙD]aTAT&9Y\rf=wY)P	T>=$!L߲B|>Ctzl˸~bAii\n[BA*RMT_\ZȽda;͎hJOE4=ZW-{5Հ8t[IHV+JVk/V\ZɊBZDyH	Hu+ <rse%8F[\'*Z8ғԿɳO(b5qf!`X訅k0#)$${V\\FCwp9)7TY)JTr)JP+Ŏj\\7.NȠ>!_$UوT7ā;u\0jS\n{\\<괕)JVأ.ѢҮ7ʫVYZJ|6Yh>	-!i#m.kV_.ޮI9&4)LWIJR%h\ZӦ5kMoЧ0\\x27i`{T[+=Ѽ=f]Q4R-d¸0iqS/JTHRH= *_ȴCt9ݰ]*JGừH&1-}QLulR[pir&vQfzR,ѿV8Wͨ>},)J̓88&iYj㔼%v(|H(Fގ(U]T\\/rIRNu \0Jh\r7Oqc1di3<Fd#V=]ǧ!wX$Ll8EnhuqͼPڮh`@ښAe$%#R6Ҵg軅:JR)JP)B\0L]ͺ]a;\0h\ntͿZӬ%B^}.|wYHTթnKZ*RM^tNZY\'<M9\0k-crܚ`tu6I	w5~(_Ñ̿sDt\0MK$4]+V-QEeuHJGzJRJWֻdDs&K@zܒ\0kiyt`\0)>hkJn>#.C.\'sj^Xi%.D;aTPprV3i)˿JҾ(t\0X2\'qRESjdBu	ۘ@qCURk5`yH>\0evQQ>mw4u[:JU:P7eehCLԔցj\\MszeKJ8TJm{yoNpR\0o\00ĭsXGӛۯ\04?+9)Yvǎ|_\'Iݫ4zR^QI_Fݵ l˼SJl8@&6QyQ7q*_<5;\"q?ڈvP>8>J5d5Vo>Q\0SBz]%!ayRR	JR(dҫ^7GrKdOURy6+NB(t|Si?ኌh7\'{^;JnaCn\\us۔\0f\nm b(tIl7*.rNsAiϲُȁ3]B.ZmX4.-[-J{!	TZ3Nd42<(mVbؾn#mA=\"*w%#A<8ߪ\'	Z$R\ZZ:\rڜ>@܆ee8:뮗`>Wx;\0	JW3vDeܢ\0(})ƢB\nJ;nya(\\v@:Xq[TK6aơKIθRH\0QCFë}y7{mg(SM  \nV[ǔc{;(Ma γ=u#o\nǯ2[uz_xV5JRW/J\'8v3(znI\0XgAk2\0cV+s_:YX?mk6YqJ	f=0N<4JKDZ7nW&V1JRdQ\nSSe(_5U6Ő**#\0JV6(7hGI	\\ wPss ~$3!$?Qs-ܥ_TSMwR,BRR	^[=2=Hl-~\ZW9Ќ2$%7O/%ξRBꉛw&sLVorKwŠ9T>\0\nRF(ÚwR7s\'z҈(1Q4zrBByd	0ۭ.ixqGJF䟀2PlAUTՒ45wwqh}ȐȖyen⊔Q\'$Ղ:\'@s͡6ipaם\0sB>M{T7-U[Mu\nkw³#8W=K|$A.8]]\r6R\'cu`4l>]VzW\rpő_jBpnSVat~r+1`TJ\0|TåHQE7JQlٗɏ\n~CВ(5O>k;8nSR_l\0b\0y}\nEFQRI[;aWnphPT3Q2,CjhfZ\'r_UR	 4uZEQuXe3aim?<\'Hө\Zϋc&\'t 62JϨoo:cXA/!mE)JU%9Tůؚў)Z@pEW<^57&zc\nn51:tu4Z-p:0Q<zf^,⬧5.&䭌Ցdv5-{9򖛟getz\\kYN7&9ћ%)JJ%)J_~,2oGhQK\n>c@mXuS1NuՅQ=P(`W!Pjh>ڼ<`\'zf6j4+XLT`He*;X\0	/@Wwo׼IJFЗj|I\'?#Ďw@_P\0 nSAJ/W	o?ՃTj\nߨǥ+|ޜ([|{&\nOfW ;xJR	RwIZ*$mESplVryø۝K0q=>`R3i-r*\\K1En[ЍMARںwRT>~&EX])J\Z/FvxJ\ntn7vi=R&\'xdm$zHc\\sxod2v&hlH%)͸[u\0sQ!M#=Tyd)J?a=+h3ǈ]Enl]^g1mh*K(ܔ}{Q5b1o+GKfNkTȊ\rN]G~ţtw}gɩ[h-8u5\"EZ@~Jm\0P$<S,,\\#;*{EJy!	QƕWBfk|ĕmd$\06IDPqm6R(lRGpGުESfmg&FNؕ|^4g19MeAr.\Z4|b9)*)aV\0%\\EPZzƫik]e[+hV\0{=ڶc༁ߊ+?NZ)t(Tڭ$|ʹ@J\';~>rXa+.ˉS-[~t7jKJ}Jw#n9`%f1<vN_Yy	uFF*qa<z\r?*Ԓ{(W\'|pO9?5gZY&4FVcC,=\n\r+qc}[BBR7P\\\\w6?w\nqYx\ZUgd\rC/qq԰7-(u=R> V7CTh?#g% 6ʐYa-5\\mrGndXz曂w)%EFzّn9!> ˊ>I{{jǳS4̛m|l%s#iK;\rvI=89eʑA#	o-vJZ,^qwȡȵi=r;WYjJqt~;lzt]\" uZCGu-NUG\Z:p~o9;2lxJHpRy>\07\\Ǡ_V8LVkVP=I*>j;zQ5X\nAOVk&n\\@xhƴ2HeR(vuRմ\":\rvJUi)<S\0jq%@*Rv\0䚫s43t$bb8cL%xJW%g6O(}ɘcjg;{Suȏ츻JK\n)iaS3Au޴g]wVeQ^(ҧr2s!X\n$\'\n6G*so+ҜȄ\'Zo$E),(Pw*-Im)cr yqäipuWOA#<so>UH:U=Ѹ9%/\'cWɍqIr4q\n)PAEI;vQ2\"qhv<ҡ@58xF]4ٖ]SturW \rzʊ/Eñ۬v)ROPAAIpȨ4t:O\radx`\"\\U`TǨߡFt59hܴ?;{hh)VC:wI>{Qiuk:.U%+eDo>P|_\n~6Y>ǯ;l*	*gZ?j[;hzZ$iĥ|VΡ,\Znސ\Z}P\0?	XqD,h s7T@5RsiNZO	tS w%6oiM4w)1F[ǯSJ+B\0<\Zn*Q^\\dx,yb\r:%H!H*JhpYaIS1Pn-+RUVJ+hn^\'F8Í\0\"ɎG ~Y}=ROT~	\0O\\n~FflRA1>c?IjWX}[u^C/zBR$%)\0JҕJ&Ln\Z,v:6ԥ\0$Laҝ}\07kUŃl9&Pz-\'\'b3lq<\0x`Z?ZW.5Sn 6m/>5țkݳQ&I{7+\0nyT+	YQ[pĨ)z{=e֫T-\"6\Zd#hq(hѝx0{)JU9JR!*7AX_1vCl\0!7NV{Q$)N)%K]*t9S2u%+mĝ؂Mu3\"|&ETiLQ%-o4~O;Y/(.c\Zk2TL;`B\0D0sjtFvL/Fsӕn$P+TŨXvr8ZxsL\\0+Xml5n펼gmq`\r;A^(\"&-5ɳ#~:;yCv5:4t7n+q\0ݭͩW#=TO6Nj8OLq\\GrpAȩJ}55tįVG>\0?t*i;+5U\"6)t)^!)JP)B\\Yi)wS~4Uܫ^;ږjKR7\\cX8tp?<ݲ#tm8QߕǛcI\ZƮ+O+FewpYLr:+;X	j56>>=nqg@R{F[xcG7t\ZqkDm 5	>VYlOAR	_<Z\"#aR~.粶ٸm6ͤ1c߲޳ev`oY}oW߸N7Yf\Z+I~-FecYi!\r)`\0UJUE.(BR	JR%%+IP؂7W!r\rHL=ro(\"G+Ҫ!8h4&ܕcn)VۆO^Uǲ$mpƽk!sJ~XЛWr7mj6ST2&渁n\\21o7Z>5=%l	IRCSl!FmYK	 -R# J\rE?p}{֋/%1unFs;N(O2BR㘓t\rl{ZƋnlVR%GG\'}?Y1fSiSd\0/ƶd%l/+E\ZI?ΞdEh	vݾ1wx9g>8W\\&PEQdn\0u\\#jNr5#\07{ֳGqS/8-~IɛfĊWg$sϝLl>pUh?zj/{4X3uIZ^IHɼy$Rݻe\n/<>+*ow7a1 dY(s-dnaqjN51tĤ됭?ROɐQw/?z:~(uS\\Ull-6\\S+X#d4V.\Z*J^Ux~?AL,NnDC O(RzW?N͝B1{nq\ZsŬo3QorrwB(͘;|AGʥk-[tKTG+q0[H% Y\nT\rMmEcyw-PJRJR!)JPjclNEEYa-$CAqIJ:o*]\\34J2/)\n!`-I$yj$Hv[Ȕ}Օպw$2M[0\"<AΖo9Ǭ0nLv\\Y*Ñml5^ߛzC	5Ů\0o[rQ#CNz]85{2q+e3}:paXYKTv[SQ\"z}ᆫ6?lJ+}gP\0\0múth:*)D\\7\\9m\ZqluJ7->I@R&{cttF{!\0\0zx\n96u3!d6*-{*#\0b{>\n\r̻w\'UJRUK)J(BR	JR%)J(BR	JR.L\'&RTZ+\0}lU/Wym37̷Naq.6B~`xj\0UDg$7o}Nsa̒zlW)\'v˻rm3)r_\\*Im%g#e~]2D|/ޕʥƎKh?s\"3i5y[5[NO#6L6\'Rvf#dq`Hն3>ό渲6`[$|G>}v;.ͪ*or@kQI=\0U1-%RπK~,qqzc0hOH)Y7̧JRBR	JR%)J(BR	JR%)J');
/*!40000 ALTER TABLE `file` ENABLE KEYS */;
UNLOCK TABLES;

--
-- Table structure for table `user`
--

DROP TABLE IF EXISTS `user`;
/*!40101 SET @saved_cs_client     = @@character_set_client */;
/*!40101 SET character_set_client = utf8 */;
CREATE TABLE `user` (
  `id` int(11) NOT NULL AUTO_INCREMENT,
  `username` varchar(45) NOT NULL,
  `password` varchar(45) NOT NULL,
  `role` varchar(45) NOT NULL,
  `fullname` varchar(45) NOT NULL,
  PRIMARY KEY (`id`),
  UNIQUE KEY `id_UNIQUE` (`id`),
  UNIQUE KEY `username_UNIQUE` (`username`)
) ENGINE=InnoDB AUTO_INCREMENT=3 DEFAULT CHARSET=utf8;
/*!40101 SET character_set_client = @saved_cs_client */;

--
-- Dumping data for table `user`
--

LOCK TABLES `user` WRITE;
/*!40000 ALTER TABLE `user` DISABLE KEYS */;
INSERT INTO `user` VALUES (1,'admin','admin','ROLE_ADMIN','Адмін Адміністратор'),(2,'user','user','ROLE_USER','Користувач Юзер');
/*!40000 ALTER TABLE `user` ENABLE KEYS */;
UNLOCK TABLES;
/*!40103 SET TIME_ZONE=@OLD_TIME_ZONE */;

/*!40101 SET SQL_MODE=@OLD_SQL_MODE */;
/*!40014 SET FOREIGN_KEY_CHECKS=@OLD_FOREIGN_KEY_CHECKS */;
/*!40014 SET UNIQUE_CHECKS=@OLD_UNIQUE_CHECKS */;
/*!40101 SET CHARACTER_SET_CLIENT=@OLD_CHARACTER_SET_CLIENT */;
/*!40101 SET CHARACTER_SET_RESULTS=@OLD_CHARACTER_SET_RESULTS */;
/*!40101 SET COLLATION_CONNECTION=@OLD_COLLATION_CONNECTION */;
/*!40111 SET SQL_NOTES=@OLD_SQL_NOTES */;

-- Dump completed on 2013-12-25  0:22:03
